state,funding_ics,raw_funding,econ_impact,jobs,pop_2024
AK,FIC,1014.7502573907399,4034.099182755824,0.007915052007647772,736537
AK,NCATS,21780.20957048818,86586.35461151127,0.16988563464980777,736537
AK,NCCIH,4420.003899829102,17571.54924594637,0.034476030418666995,736537
AK,NCI,1004497.0425724481,3993337.936116237,7.835076932065097,736537
AK,NEI,18249.32943291728,72549.48142656684,0.14234476957675482,736537
AK,NHGRI,13489.270152983958,53626.05557750677,0.10521630719327485,736537
AK,NHLBI,296221.335726926,1177616.107675142,2.310526418670023,736537
AK,NIA,273615.3550615902,1087746.9330055853,2.1341997694804036,736537
AK,NIAAA,287633.97929956997,1143477.4146387812,2.2435450385366464,736537
AK,NIAID,663809.0050924962,2638946.228833974,5.177710239721472,736537
AK,NIAMS,13197.234330239397,52465.07880978606,0.1029384277758673,736537
AK,NIBIB,6114.611598135347,24308.39457418223,0.0476939704654557,736537
AK,NICHD,32228.735881776232,128124.05430301222,0.25138413987785463,736537
AK,NIDA,25636.682535792,101917.60909934489,0.1999661237791776,736537
AK,NIDCD,7152.165605311229,28433.14915485691,0.05578689172142759,736537
AK,NIDCR,223594.53560337878,888891.1599447204,1.7440373777063547,736537
AK,NIDDK,263236.3955710422,1046485.7934357998,2.0532438854541306,736537
AK,NIEHS,405379.33904475684,1611569.3969386648,3.161958844549103,736537
AK,NIGMS,8804162.061219731,35000595.18816187,68.67246407751388,736537
AK,NIH_tot,17827339.91045243,70871878.9078109,139.05325130152897,736537
AK,NIMH,525384.6779214313,2088645.8361539105,4.098000487787163,736537
AK,NIMHD,459740.6204773745,1827680.5034928762,3.585976839723523,736537
AK,NINDS,309882.35974426445,1231924.963891309,2.417082406005263,736537
AK,NINR,586508.6318483762,2331641.6775321956,4.574767328417335,736537
AK,NLM,3209.944571871187,12761.006641549258,0.02503756766059526,736537
AK,OD,3577181.6334323133,14220942.935362814,27.902016740772048,736537
AL,FIC,73856.52733612605,181868.54768947084,0.6794800514923601,5163055
AL,NCATS,13495152.794343917,33231238.024297375,124.155405707964,5163055
AL,NCCIH,1649245.1830736697,4061195.903029532,15.173055684277761,5163055
AL,NCI,45214698.66021267,111339266.49605274,415.97522767395674,5163055
AL,NEI,10658053.718996376,26245002.587904025,98.05409421476665,5163055
AL,NHGRI,3903287.8159646704,9611679.724295259,35.910247906874986,5163055
AL,NHLBI,56528855.83179546,139199895.84518924,520.0654736525184,5163055
AL,NIA,32608702.211941905,80297538.04066922,300.00006034986546,5163055
AL,NIAAA,2476793.273003267,6098997.769528522,22.78649811163005,5163055
AL,NIAID,62226210.33741846,153229388.25408673,572.4811351042495,5163055
AL,NIAMS,7676212.279846034,18902345.255661815,70.6211529745835,5163055
AL,NIBIB,943661.0757966781,2323725.140571001,8.681681897329437,5163055
AL,NICHD,14183805.511021782,34927015.95973451,130.49101070140037,5163055
AL,NIDA,10578508.605910184,26049126.140492138,97.32227917437363,5163055
AL,NIDCD,2328153.0176213225,5732977.481958308,21.41900776211617,5163055
AL,NIDCR,7995498.408272624,19688573.725490432,73.55858535610813,5163055
AL,NIDDK,32156719.31986104,79184549.45146671,295.8418177427216,5163055
AL,NIEHS,5807008.834544746,14299511.515781688,53.42448127781168,5163055
AL,NIGMS,17886039.65171756,44043609.58605533,164.55156479580148,5163055
AL,NIH_tot,413259703.5696128,1017634389.5067421,3801.9892728404366,5163055
AL,NIMH,15644881.324249242,38524852.81722124,143.932908183093,5163055
AL,NIMHD,11598610.003047843,28561082.311259456,106.70721202804022,5163055
AL,NINDS,19107463.153345082,47051312.85030196,175.78866101077477,5163055
AL,NINR,2798412.145414705,6890970.521900032,25.745391737815282,5163055
AL,NLM,93960.16968423619,231372.90930776924,0.8644335610949724,5163055
AL,OD,35625913.71519307,87727292.64679794,327.75840617977616,5163055
AR,FIC,36325.9810543055,101964.32247667073,0.3196686332778885,3096080
AR,NCATS,5557329.646849456,15599010.288900621,48.904500892275216,3096080
AR,NCCIH,33447.4235290101,93884.42596023295,0.2943373270552888,3096080
AR,NCI,9683858.308200017,27181868.80843131,85.21795311216015,3096080
AR,NEI,423624.1614375067,1189081.46048828,3.727892620650058,3096080
AR,NHGRI,53182.174564377354,149278.40184649467,0.46800313616652084,3096080
AR,NHLBI,4032964.3279747674,11320230.406434944,35.49008608617796,3096080
AR,NIA,3044859.16953388,8546692.842080932,26.794760691898148,3096080
AR,NIAAA,1051475.144016143,2951412.3927000863,9.252981267342058,3096080
AR,NIAID,7729894.167286133,21697237.03829004,68.023068672118,3096080
AR,NIAMS,1625525.507335198,4562728.994881064,14.304624464549741,3096080
AR,NIBIB,1356103.3342887536,3806481.0275156517,11.933709341741032,3096080
AR,NICHD,2336505.302834076,6558396.311732586,20.561246664939873,3096080
AR,NIDA,12444736.789250035,34931449.014946304,109.51368374540029,3096080
AR,NIDCD,699568.8118531426,1963637.5358941832,6.156205544307657,3096080
AR,NIDCR,1468948.2190587013,4123228.2119433633,12.926744327716566,3096080
AR,NIDDK,4422980.634830339,12414977.1229498,38.92222958650698,3096080
AR,NIEHS,802184.681397107,2251672.636660295,7.059225196294543,3096080
AR,NIGMS,29631060.22056429,83172178.47849894,260.7533299409657,3096080
AR,NIH_tot,111927263.36755022,314171489.51542157,984.9599176344423,3096080
AR,NIMH,850303.7429512356,2386739.25749691,7.482672937970875,3096080
AR,NIMHD,6136250.691842187,17223998.531666156,53.99900608821127,3096080
AR,NINDS,1600077.9273152922,4491299.533649956,14.080685760374578,3096080
AR,NINR,1254219.5256648937,3520500.767212582,11.037131825851064,3096080
AR,NLM,13138.04714036562,36877.51951781536,0.11561481483521746,3096080
AR,OD,15638699.426779002,43896664.183246404,137.62055495565525,3096080
AZ,FIC,99628.69561184736,292638.90849070455,1.0162126952408426,7556424
AZ,NCATS,1306875.2516161632,3838678.6539538987,13.330127566484865,7556424
AZ,NCCIH,1955078.4715911217,5742642.984799509,19.941800410229437,7556424
AZ,NCI,42489380.7573469,124803862.29002626,433.3916837249384,7556424
AZ,NEI,3430810.0301548275,10077302.490991164,34.994262307579234,7556424
AZ,NHGRI,1867611.842604599,5485727.658559568,19.04964079456691,7556424
AZ,NHLBI,37718354.72677709,110789949.51728228,384.7272182131262,7556424
AZ,NIA,76286039.59681463,224074632.5503012,778.1176038875094,7556424
AZ,NIAAA,2064037.4831973428,6062687.787462556,21.053182328612895,7556424
AZ,NIAID,29709925.539563455,87266827.37181266,303.04124050354716,7556424
AZ,NIAMS,3991337.1154510467,11723736.115492575,40.711638577600674,7556424
AZ,NIBIB,2954411.532967653,8677979.38064334,30.134997636270057,7556424
AZ,NICHD,10362195.763871199,30436829.863962136,105.69439679148618,7556424
AZ,NIDA,9101005.924096938,26732342.759674307,92.83026042578875,7556424
AZ,NIDCD,5046953.966938255,14824394.628649661,51.478930462770194,7556424
AZ,NIDCR,3518807.432969887,10335776.85675164,35.89183581629285,7556424
AZ,NIDDK,15361479.157770634,45121201.93811047,156.68708740926047,7556424
AZ,NIEHS,11795921.421138205,34648105.629855454,120.31839849560966,7556424
AZ,NIGMS,26961732.13158565,79194571.53936413,275.0096677421736,7556424
AZ,NIH_tot,337292896.5974194,990728870.791312,3440.3875452936772,7556424
AZ,NIMH,7021545.990293152,20624354.679118443,71.61976910099015,7556424
AZ,NIMHD,8988166.540937131,26400900.15952926,91.67929871755871,7556424
AZ,NINDS,14397237.648405531,42288939.796273515,146.8518240137364,7556424
AZ,NINR,2326040.330220065,6832267.542605601,23.725611368244664,7556424
AZ,NLM,913231.504139936,2682430.6885641436,9.314961342227345,7556424
AZ,OD,17625087.741356134,51770088.999037504,179.77589496183253,7556424
CA,FIC,5884500.263632866,15789815.740107875,51.783602319969205,39364774
CA,NCATS,92701857.33567555,248745888.43886366,815.7763445539449,39364774
CA,NCCIH,19302312.090587463,51793684.69945023,169.86034639716976,39364774
CA,NCI,647282391.699269,1736845821.880899,5696.085046953569,39364774
CA,NEI,124744008.07307324,334724244.01598173,1097.7472710430447,39364774
CA,NHGRI,109534676.27357092,293913208.94330347,963.9051512074245,39364774
CA,NHLBI,395641183.1431753,1061619696.0066571,3481.642411659945,39364774
CA,NIA,711901572.075148,1910237767.7896612,6264.733834261303,39364774
CA,NIAAA,74724079.15580747,200506311.2175006,657.5718965711054,39364774
CA,NIAID,792446973.2019106,2126364369.1196945,6973.533364176816,39364774
CA,NIAMS,72413308.1672424,194305844.48415324,637.2371118717334,39364774
CA,NIBIB,62692070.158383764,168220951.96163204,551.6902173937772,39364774
CA,NICHD,162355267.5972158,435646128.8036886,1428.7263548554986,39364774
CA,NIDA,192272798.4490129,515923514.8832388,1692.0006263513133,39364774
CA,NIDCD,52086016.545226716,139761843.32390606,458.3569455979952,39364774
CA,NIDCR,74401319.22880362,199640253.00569668,654.731609213472,39364774
CA,NIDDK,264986638.58404344,711035773.5372941,2331.8824195395823,39364774
CA,NIEHS,66068157.16015053,177279969.59987077,581.3997830093249,39364774
CA,NIGMS,471801136.7605455,1265978873.5948355,4151.8500034928,39364774
CA,NIH_tot,5547670339.135288,14886003656.617926,48819.49898439054,39364774
CA,NIMH,313673370.94871086,841676354.484681,2760.325664348657,39364774
CA,NIMHD,60740135.96037498,162983348.09680578,534.5131964512998,39364774
CA,NINDS,368494887.47564155,988778335.243045,3242.7550097856447,39364774
CA,NINR,12525470.96714844,33609460.40764489,110.22414451090627,39364774
CA,NLM,11019437.986059744,29568338.44238982,96.97105427732572,39364774
CA,OD,387976769.83487695,1041053858.8969219,3414.1955745469186,39364774
CO,FIC,7573.664381983388,21212.79492389514,0.07270717806704055,5988502
CO,NCATS,16233917.76801535,45468976.58199433,155.84561057294744,5988502
CO,NCCIH,2083644.2340593166,5836001.650218595,20.002984646969434,5988502
CO,NCI,45567735.33399983,127628975.35912873,437.4502592063985,5988502
CO,NEI,6551213.168928916,18349049.34337967,62.891646421717574,5988502
CO,NHGRI,4910399.784486649,13753356.152200652,47.139837931071845,5988502
CO,NHLBI,76231787.3082058,213514778.2225175,731.8251581587762,5988502
CO,NIA,33791485.44003429,94645314.95723842,324.39826022432936,5988502
CO,NIAAA,6912731.09416984,19361611.4563366,66.36221850403042,5988502
CO,NIAID,72503386.76286627,203072039.7839659,696.0325129235163,5988502
CO,NIAMS,13670462.578489479,38289090.26944997,131.23644075349907,5988502
CO,NIBIB,3981415.843361943,11151399.577844301,38.221592096274655,5988502
CO,NICHD,25873931.605243817,72469332.85327218,248.38974341034069,5988502
CO,NIDA,20296827.497361924,56848629.35456112,194.84954397467465,5988502
CO,NIDCD,8181301.149447572,22914702.14955712,78.5404910346967,5988502
CO,NIDCR,8091238.019747413,22662447.678778306,77.67588498957522,5988502
CO,NIDDK,49973568.642187685,139969110.03129384,479.74625896500123,5988502
CO,NIEHS,9311380.761090785,26079900.109277736,89.3892553064715,5988502
CO,NIGMS,54604128.86835251,152938673.97104916,524.1996371361843,5988502
CO,NIH_tot,553163189.0144975,1549334205.5037627,5310.366614539174,5988502
CO,NIMH,17134112.699713897,47990299.09043251,164.48748191725346,5988502
CO,NIMHD,3796458.7932225945,10633360.25414943,36.446004414936894,5988502
CO,NINDS,25781155.423788223,72209479.49672244,247.4990920683669,5988502
CO,NINR,4385593.3407682795,12283445.300088001,42.101696071375486,5988502
CO,NLM,1777506.0569953274,4978550.614510988,17.064058147155155,5988502
CO,OD,41510233.175577484,116264468.45087111,398.49823848554394,5988502
CT,FIC,2813234.2942839824,6398855.913884881,21.380580636558264,3674449
CT,NCATS,14986885.211056858,34088493.538677335,113.9003276040321,3674449
CT,NCCIH,6236082.968447566,14184313.21671475,47.39423056020149,3674449
CT,NCI,73716750.12426782,167672796.9097582,560.2473009444353,3674449
CT,NEI,9495406.243796175,21597823.018618863,72.16508745285093,3674449
CT,NHGRI,9434708.02742713,21459761.591753524,71.70378100844617,3674449
CT,NHLBI,62563693.411630854,142304556.85646588,475.4840699283945,3674449
CT,NIA,64232233.04868489,146099741.90230718,488.16497117000506,3674449
CT,NIAAA,20013465.449949406,45521726.367385216,152.10233741961545,3674449
CT,NIAID,73043272.68682362,166140935.48882577,555.1288724198596,3674449
CT,NIAMS,19368798.37875666,44055395.70684617,147.20286767855063,3674449
CT,NIBIB,7289603.29051807,16580603.051861431,55.40098500793732,3674449
CT,NICHD,27044609.89831948,61514450.58742136,205.53903522722806,3674449
CT,NIDA,65653848.24282701,149333283.74089062,498.96924664548527,3674449
CT,NIDCD,9985541.476027077,22712662.52407224,75.89011521780579,3674449
CT,NIDCR,7227138.130769761,16438522.615233965,54.926249793850175,3674449
CT,NIDDK,55317392.66351493,125822447.81560782,420.4121842427134,3674449
CT,NIEHS,6109605.413343248,13896633.071091138,46.43300114140868,3674449
CT,NIGMS,74573507.35196295,169621538.2799099,566.7586558749184,3674449
CT,NIH_tot,815766846.5187979,1855506496.8474677,6199.8280335428635,3674449
CT,NIMH,91658149.07486436,208481494.220059,696.6019329689692,3674449
CT,NIMHD,6570950.824751715,14945988.54785781,49.939226268113025,3674449
CT,NINDS,54116315.00553831,123090530.71563703,411.28399404209114,3674449
CT,NINR,3597492.374823396,8182693.991953276,27.340942048657812,3674449
CT,NLM,1861326.9279319132,4233690.327417858,14.14608465228254,3674449
CT,OD,48856835.998480655,111127556.84721632,371.311953588453,3674449
DC,FIC,229606.2351855884,452524.91012305283,0.36736997629694146,691310
DC,NCATS,2673028.1977798934,5268201.205333188,4.27684511644783,691310
DC,NCCIH,217490.8885582231,428647.09104193485,0.347985421693157,691310
DC,NCI,13095643.922951667,25809861.323875614,20.953030276722668,691310
DC,NEI,1232069.2691748135,2428253.025655215,1.9713108306797018,691310
DC,NHGRI,689906.8502617015,1359719.326243936,1.1038509604187225,691310
DC,NHLBI,8137754.601075782,16038487.223479455,13.020407361721253,691310
DC,NIA,6733162.52482992,13270213.519810425,10.773060039727874,691310
DC,NIAAA,872160.3150616038,1718917.902500054,1.3954565040985663,691310
DC,NIAID,10994764.675730295,21669293.487118933,17.591623481168476,691310
DC,NIAMS,809882.4381254086,1596176.0673733782,1.295811901000654,691310
DC,NIBIB,891248.2608928442,1756537.8345752172,1.425997217428551,691310
DC,NICHD,7777133.21059194,15327747.978156932,12.443413136947106,691310
DC,NIDA,2690548.935551761,5302732.368126286,4.304878296882818,691310
DC,NIDCD,1697320.737724386,3345204.949107285,2.7157131803590175,691310
DC,NIDCR,653319.2253272288,1287609.7353536645,1.045310760523566,691310
DC,NIDDK,4147086.430803622,8173383.936438207,6.635338289285796,691310
DC,NIEHS,2829947.5590300467,5577469.461000966,4.527916094448075,691310
DC,NIGMS,5342525.358762572,10529443.182803903,8.548040574020115,691310
DC,NIH_tot,99768746.93043876,196631608.0279521,159.629995088702,691310
DC,NIMH,4040359.7186772064,7963039.057198766,6.464575549883531,691310
DC,NIMHD,2555668.8386399266,5036900.720814613,4.089070141823883,691310
DC,NINDS,5974918.096644439,11775809.452609913,9.559868954631103,691310
DC,NINR,387705.7624286985,764119.1240099592,0.6203292198859176,691310
DC,NLM,304124.37194660446,599390.7524772884,0.48659899511456717,691310
DC,OD,14791370.504682567,29151924.392723896,23.66619280749211,691310
DE,FIC,39789.58053634706,93615.10420680807,0.21884269294990882,1050123
DE,NCATS,334048.64600631956,785934.3673517326,1.8372675530347573,1050123
DE,NCCIH,166753.57600663998,392330.1825325714,0.9171446680365198,1050123
DE,NCI,8841466.167346355,20801796.989063825,48.62806392040494,1050123
DE,NEI,2199701.8352296394,5175357.813607021,12.098360093763016,1050123
DE,NHGRI,229651.03206182987,540312.4387810637,1.2630806763400642,1050123
DE,NHLBI,5944414.600282464,13985746.639012024,32.69428030155355,1050123
DE,NIA,5001396.03008028,11767055.702127436,27.50767816544154,1050123
DE,NIAAA,421130.7399424681,990817.1328519295,2.3162190696835743,1050123
DE,NIAID,4116420.2986404146,9684925.300085125,22.640311642522278,1050123
DE,NIAMS,1551744.2064392464,3650872.756887252,8.534593135415856,1050123
DE,NIBIB,1198185.2365388952,2819035.392322973,6.590018800963923,1050123
DE,NICHD,3958315.212265477,9312942.888179686,21.77073366746012,1050123
DE,NIDA,2684571.5966222887,6316137.199256464,14.765143781422585,1050123
DE,NIDCD,2449974.84559202,5764188.699215971,13.47486165075611,1050123
DE,NIDCR,1604398.2077478059,3774754.68157614,8.824190142612933,1050123
DE,NIDDK,2923061.0329691092,6877244.2311699055,16.0768356813301,1050123
DE,NIEHS,222985.48029113232,524630.0336086915,1.2264201416012277,1050123
DE,NIGMS,26800092.056711335,63054030.14613969,147.40050631191232,1050123
DE,NIH_tot,83474703.84784885,196395463.18439853,459.1108711631685,1050123
DE,NIMH,3840066.1544417012,9034731.916329468,21.120363849429356,1050123
DE,NIMHD,2437597.43585092,5735067.696000947,13.40678589718006,1050123
DE,NINDS,2566185.3238932546,6037603.394456482,14.114019281412903,1050123
DE,NINR,628119.708993538,1477811.3068587373,3.45465839946446,1050123
DE,NLM,168974.03665031315,397554.38072070497,0.9293572015767223,1050123
DE,OD,3145660.806709051,7400966.792055934,17.30113443689978,1050123
FL,FIC,467565.63660195144,1501871.3941825915,5.236735129941856,23265838
FL,NCATS,14699155.133011818,47215276.0698208,164.6305374897324,23265838
FL,NCCIH,2151121.953573401,6909636.368808756,24.0925658800221,23265838
FL,NCI,112217293.5109529,360454083.58392704,1256.8336873226724,23265838
FL,NEI,29822834.922020398,95794171.2490363,334.0157511266283,23265838
FL,NHGRI,6892336.672389439,22138930.830260523,77.1941707307617,23265838
FL,NHLBI,61177790.04568241,196509678.29173315,685.1912485116428,23265838
FL,NIA,159830894.26755235,513394118.8484192,1790.106015796586,23265838
FL,NIAAA,9882208.518635757,31742722.569070455,110.68073540872044,23265838
FL,NIAID,68329427.26457508,219481510.52193266,765.2895853632407,23265838
FL,NIAMS,12182340.570246665,39130995.48891687,136.44221438676266,23265838
FL,NIBIB,6103763.869412705,19605949.699251104,68.3621553374223,23265838
FL,NICHD,25486785.466036733,81866311.43232612,285.4519972196113,23265838
FL,NIDA,43096550.14183367,138430780.14964956,482.6813615885372,23265838
FL,NIDCD,13738353.860563412,44129078.467551425,153.86956323831015,23265838
FL,NIDCR,14040083.560752274,45098266.89804067,157.24893588042542,23265838
FL,NIDDK,88535593.59061335,284385902.1528505,991.5986482148703,23265838
FL,NIEHS,8795516.463783227,28252150.158040304,98.50978439437216,23265838
FL,NIGMS,58994131.335378766,189495530.34130388,660.7342709562416,23265838
FL,NIH_tot,913094737.5132437,2932959052.3720675,10226.661060148332,23265838
FL,NIMH,34853695.46312392,111953839.41823,390.3613891869878,23265838
FL,NIMHD,20287131.563507907,65164460.73044046,227.21587351128855,23265838
FL,NINDS,69069559.46295944,221858895.19191265,773.5790659851461,23265838
FL,NINR,4555923.0782048395,14634117.671648385,51.02633847589422,23265838
FL,NLM,1575055.0329700382,5059247.115490746,17.64061636926442,23265838
FL,OD,46309626.12886135,148751527.7292242,518.6678126432473,23265838
GA,FIC,1635987.1305587222,4805063.900329842,19.304648140592928,11204208
GA,NCATS,13625387.29928638,40019175.83389184,160.7795701315791,11204208
GA,NCCIH,2185813.752758693,6419961.7222161945,25.79260228255258,11204208
GA,NCI,66618110.03478265,195664299.3438543,786.0936984104355,11204208
GA,NEI,12262532.465905365,36016329.82187419,144.6978830976833,11204208
GA,NHGRI,2264855.8798764935,6652116.6484528715,26.725299382542616,11204208
GA,NHLBI,78755570.77289525,231313280.5277452,929.3157351201636,11204208
GA,NIA,73658500.74889484,216342657.15773538,869.1703088369579,11204208
GA,NIAAA,7393062.571668546,21714191.641514916,87.23813834568881,11204208
GA,NIAID,177544852.33934847,521467647.71544325,2095.029257604312,11204208
GA,NIAMS,7473834.439443577,21951426.99548468,88.1912463854342,11204208
GA,NIBIB,27838828.660810493,81765527.44632164,328.4981781975636,11204208
GA,NICHD,21588643.645289373,63408085.73575862,254.7459950144146,11204208
GA,NIDA,18430386.47145516,54131956.8161101,217.4785603631708,11204208
GA,NIDCD,3934401.339670256,11555744.842688622,46.42593580810906,11204208
GA,NIDCR,7684512.98023537,22570211.72308033,90.67725316677733,11204208
GA,NIDDK,32161495.655880645,94461648.79298845,379.50564873939175,11204208
GA,NIEHS,14525846.81506006,42663918.83469706,171.40499241770868,11204208
GA,NIGMS,61744647.07395964,181350433.11273816,728.5868354727238,11204208
GA,NIH_tot,793837132.1763912,2331582000.439967,9367.27815968142,11204208
GA,NIMH,40306101.93845533,118383202.26965539,475.61200287377284,11204208
GA,NIMHD,18700626.65049607,54925680.25346057,220.66739447585357,11204208
GA,NINDS,51498324.44527701,151255920.7204548,607.6802284542695,11204208
GA,NINR,5524783.103219057,16226861.049551073,65.19244061798484,11204208
GA,NLM,832115.9678387874,2444010.9113723077,9.818968420497706,11204208
GA,OD,45647909.9933254,134072646.62254661,538.6453379212398,11204208
HI,FIC,7390.5377140875935,20908.46276834076,0.0672538931981971,1434952
HI,NCATS,24987.929390322515,70692.98764548513,0.22739015745193483,1434952
HI,NCCIH,548565.6453582858,1551939.0896418067,4.9919473727604,1434952
HI,NCI,16966894.14485381,48000793.480268575,154.3987367181697,1434952
HI,NEI,30682.266539182947,86802.75406212626,0.2792086255065648,1434952
HI,NHGRI,932784.5981873907,2638927.3414986595,8.488339843505255,1434952
HI,NHLBI,1688947.2575077303,4778176.124313473,15.369420043320343,1434952
HI,NIA,1486673.8059823795,4205927.244211019,13.52873163443965,1434952
HI,NIAAA,25713.120787599077,72744.61608125854,0.23398939916715156,1434952
HI,NIAID,3352058.2766919388,9483259.322515273,30.50373031789664,1434952
HI,NIAMS,17458.510729006342,49391.61880904792,0.1588724476339577,1434952
HI,NIBIB,1005976.7823657291,2845994.2853435245,9.154388719528132,1434952
HI,NICHD,1378570.4257054443,3900093.5431876653,12.544990873919541,1434952
HI,NIDA,1264186.4817444899,3576491.5907823863,11.504096983874854,1434952
HI,NIDCD,18231.078043932008,51577.27776446731,0.1659028101997813,1434952
HI,NIDCR,10046.535103098653,28422.50635614266,0.09142346943819775,1434952
HI,NIDDK,1546715.9526783556,4375791.608251958,14.075115169373035,1434952
HI,NIEHS,428720.9416521,1212888.181255641,3.9013605690341095,1434952
HI,NIGMS,16663379.119880538,47142123.53705333,151.63674999091288,1434952
HI,NIH_tot,64287850.288974315,181875822.3317759,585.0194376296662,1434952
HI,NIMH,1670971.6944940994,4727321.720405345,15.205842419896301,1434952
HI,NIMHD,9467846.935127389,26785348.075840145,86.15740710965922,1434952
HI,NINDS,208134.75610462463,588831.0116483159,1.8940262805520842,1434952
HI,NINR,6854.00958681908,19390.578846068373,0.062371487240053626,1434952
HI,NLM,66470.52741855464,188050.8024569904,0.6048817995088474,1434952
HI,OD,5469588.95532741,15473934.57076885,49.773259493479436,1434952
IA,FIC,988281.8289778521,2427148.078462324,7.8074264489250345,3230454
IA,NCATS,6044981.394616481,14846033.333890935,47.7553530174702,3230454
IA,NCCIH,1032955.3032970211,2536862.872534933,8.160346896046468,3230454
IA,NCI,23030528.240948226,56561297.32123456,181.941173103491,3230454
IA,NEI,6355834.518833399,15609465.93075192,50.21109269878384,3230454
IA,NHGRI,559168.0482754067,1373275.936190057,4.417427581375712,3230454
IA,NHLBI,29135648.732738506,71555027.89073774,230.1716249886342,3230454
IA,NIA,11998254.801550768,29466838.539978784,94.78621293225108,3230454
IA,NIAAA,3215864.5252898457,7897928.682170811,25.405329749789797,3230454
IA,NIAID,27832496.41395734,68354580.85859431,219.87672167026298,3230454
IA,NIAMS,3376603.0011240477,8292690.6532165045,26.675163708879992,3230454
IA,NIBIB,2254232.29416462,5536230.071990918,17.808435123900495,3230454
IA,NICHD,6535739.071780927,16051298.389054684,51.632338667069355,3230454
IA,NIDA,2733223.0012858696,6712596.307109368,21.59246171015837,3230454
IA,NIDCD,12038595.402846321,29565912.113981236,95.10490368248591,3230454
IA,NIDCR,6390646.917728418,15694962.642931791,50.486110650054485,3230454
IA,NIDDK,14419966.235052306,35414385.16085794,113.91773325691325,3230454
IA,NIEHS,6799001.211107014,16697850.99870659,53.712109567745415,3230454
IA,NIGMS,19393697.058024578,47629505.23672905,153.21020675839407,3230454
IA,NIH_tot,228733642.56110013,561753140.3932184,1806.995776232691,3230454
IA,NIMH,8251331.6617174875,20264668.640327435,65.18552012756815,3230454
IA,NIMHD,542304.2048265953,1331859.5668689634,4.284203218130104,3230454
IA,NINDS,23807000.15586584,58468255.701944105,188.07530123134018,3230454
IA,NINR,880480.4964743971,2162395.8697608286,6.955795922147737,3230454
IA,NLM,1463748.96639565,3594860.6834276156,11.56361683452564,3230454
IA,OD,9653059.074221157,23707208.911765035,76.25916668634717,3230454
ID,FIC,29088.513804372644,121186.03425476179,0.2676143270002284,2000872
ID,NCATS,70947.91580430006,295577.03129100415,0.6527208253995608,2000872
ID,NCCIH,483874.09410866484,2015874.1329311156,4.451641665799717,2000872
ID,NCI,1246827.450110478,5194423.994812423,11.47081254101639,2000872
ID,NEI,904229.2517320577,3767121.201568108,8.318909115934927,2000872
ID,NHGRI,53419.09233251383,222549.9727075493,0.49145564945912734,2000872
ID,NHLBI,646954.0474315466,2695283.639465645,5.951977236370227,2000872
ID,NIA,3182282.922660619,13257750.116333611,29.2770028884777,2000872
ID,NIAAA,788463.0461730731,3284826.1126280185,7.2538600247922735,2000872
ID,NIAID,3790212.940565619,15790455.240761748,34.8699590532037,2000872
ID,NIAMS,252791.80202063697,1053159.2017736838,2.3256845785898594,2000872
ID,NIBIB,274621.4505685178,1144103.983431633,2.526517345230364,2000872
ID,NICHD,1478437.8101046598,6159338.916515757,13.601627852962869,2000872
ID,NIDA,589210.5023306488,2454717.5080486177,5.420736621441969,2000872
ID,NIDCD,140796.05164796996,586572.2550383864,1.2953236751613233,2000872
ID,NIDCR,102242.76832762864,425954.9218699215,0.9406334686141836,2000872
ID,NIDDK,317683.1787704226,1323504.0072362458,2.9226852446878877,2000872
ID,NIEHS,435834.45783824124,1815735.581824434,4.009677012111821,2000872
ID,NIGMS,14360617.67920959,59827955.3811589,132.1176826487282,2000872
ID,NIH_tot,33648483.66853663,140183383.78852138,309.56604975053716,2000872
ID,NIMH,2093615.5344974175,8722238.804849705,19.261262917376232,2000872
ID,NIMHD,269878.790908386,1124345.5275718146,2.4828848763571525,2000872
ID,NINDS,1127188.5318193838,4695994.7471810905,10.370134492738332,2000872
ID,NINR,160468.64557853728,668530.5035065969,1.4763115393225426,2000872
ID,NLM,16344.54124314423,68093.20504618896,0.15036977943692698,2000872
ID,OD,832452.648948206,3468091.766714454,7.658564370323496,2000872
IL,FIC,2493437.7445955323,7132844.205832927,24.685033671495773,12703033
IL,NCATS,26940842.210620545,77068228.66494127,266.7143378851434,12703033
IL,NCCIH,4700005.834869633,13445055.71045203,46.53005776520936,12703033
IL,NCI,156963617.9155895,449017439.87893295,1553.939817364336,12703033
IL,NEI,27228286.586834274,77890505.44238216,269.5600372096595,12703033
IL,NHGRI,13021218.624721544,37249104.78376307,128.91006438474335,12703033
IL,NHLBI,146821982.64606258,420005805.4289821,1453.53762819602,12703033
IL,NIA,144164290.60918093,412403087.7404214,1427.2264770308902,12703033
IL,NIAAA,15642166.077610742,44746709.203064844,154.85744416834632,12703033
IL,NIAID,119454956.92726885,341718416.3605042,1182.6040735799618,12703033
IL,NIAMS,22218282.947573178,63558655.56685933,219.96100118097456,12703033
IL,NIBIB,17512799.319997575,50097929.82732863,173.37671326797602,12703033
IL,NICHD,44887089.73575946,128406100.6264868,444.3821883840183,12703033
IL,NIDA,40181316.053708255,114944545.14360678,397.7950289317116,12703033
IL,NIDCD,17828279.290870402,51000406.53330375,176.49996497961703,12703033
IL,NIDCR,9282367.174014665,26553572.094227016,91.89543502274522,12703033
IL,NIDDK,88382043.69912435,252829792.78924516,874.9822326213315,12703033
IL,NIEHS,16609403.48920554,47513633.61572062,164.4330945431349,12703033
IL,NIGMS,128551347.65472215,367739975.5652363,1272.6583417817496,12703033
IL,NIH_tot,1286791250.9535918,3681055016.6632276,12739.233384440553,12703033
IL,NIMH,53482056.47668871,152993263.00912285,529.4723591192181,12703033
IL,NIMHD,15770700.829567023,45114401.70420178,156.12993821271354,12703033
IL,NINDS,101002971.80654259,288933807.8657617,999.9294208847717,12703033
IL,NINR,5241347.276180465,14993642.263856256,51.88933803418659,12703033
IL,NLM,2366317.531434676,6769198.200291389,23.426543561203292,12703033
IL,OD,66044122.490848005,188928894.43870223,653.8368126593953,12703033
IN,FIC,563913.608765903,1517137.0769559697,4.962439757139944,6934754
IN,NCATS,9700659.179762552,26098376.566472627,85.36580078191047,6934754
IN,NCCIH,1047921.4169498159,2819297.8688173336,9.221708469158381,6934754
IN,NCI,45301136.19516001,121876883.76649962,398.6499985174078,6934754
IN,NEI,12449217.329428496,33493018.95886566,109.55311249897073,6934754
IN,NHGRI,2870378.1291441927,7722383.3880128125,25.259327536468902,6934754
IN,NHLBI,42417348.29163795,114118423.1042626,373.2726649664144,6934754
IN,NIA,86296569.07095422,232169826.22241828,759.409807824397,6934754
IN,NIAAA,13599675.055896489,36588177.58806561,119.6771404918892,6934754
IN,NIAID,41744948.13573993,112309416.91748801,367.35554359451123,6934754
IN,NIAMS,9492452.24538808,25538222.573186062,83.53357975941512,6934754
IN,NIBIB,2837580.3749424885,7634145.246271225,24.9707072994939,6934754
IN,NICHD,18824204.74909545,50644103.14828733,165.65300179204007,6934754
IN,NIDA,15150769.780127771,40761198.56046596,133.32677406512445,6934754
IN,NIDCD,9449464.79086949,25422570.352561638,83.15529015965151,6934754
IN,NIDCR,3396618.617603237,9138165.777417896,29.890243834908482,6934754
IN,NIDDK,34703578.82969974,93365517.92183883,305.3914937013578,6934754
IN,NIEHS,5735714.591168182,15431202.818712244,50.47428840227999,6934754
IN,NIGMS,47426534.914225064,127594995.81395495,417.3535072451805,6934754
IN,NIH_tot,456386392.1696619,1227848922.628497,4016.2002510930256,6934754
IN,NIMH,10781165.051277861,29005338.721778564,94.87425245124516,6934754
IN,NIMHD,2199979.9328735597,5918763.216276886,19.359823409287323,6934754
IN,NINDS,20696133.945582367,55680288.02710563,182.12597872112485,6934754
IN,NINR,1572676.7055913757,4231084.519026262,13.83955500920411,6934754
IN,NLM,1184644.1457236866,3187132.795765413,10.424868482368444,6934754
IN,OD,16943107.082054086,45583251.67798961,149.099342322076,6934754
KS,FIC,5719.883713074662,15801.57819058895,0.04633105807590479,2965252
KS,NCATS,4031401.373445786,11137027.816586254,32.65435112491085,2965252
KS,NCCIH,15838.91585786325,43756.11112689036,0.12829521844869227,2965252
KS,NCI,11414941.415193794,31534572.79225325,92.46102546306969,2965252
KS,NEI,549452.7322846288,1517901.5425404974,4.450567131505494,2965252
KS,NHGRI,282660.3239756459,780868.8838321621,2.28954862420273,2965252
KS,NHLBI,5206179.776369802,14382435.19226183,42.17005618859536,2965252
KS,NIA,19508161.513489977,53892658.482797734,158.0161082592688,2965252
KS,NIAAA,1864857.1914879368,5151798.218942935,15.105343251052298,2965252
KS,NIAID,9262019.384888614,25586975.33981798,75.02235701759776,2965252
KS,NIAMS,954664.7251042925,2637327.96963169,7.732784273344764,2965252
KS,NIBIB,1998177.1405082147,5520103.888163753,16.185234838116532,2965252
KS,NICHD,8101772.855660142,22381713.280022003,65.62436013084715,2965252
KS,NIDA,1221085.0701839752,3373332.777687014,9.8907890684902,2965252
KS,NIDCD,1627809.9003723112,4496938.5236542355,13.18526019301573,2965252
KS,NIDCR,1490378.893753483,4117275.7707323865,12.07206903940321,2965252
KS,NIDDK,7828981.959992572,21628109.381096795,63.41475387593981,2965252
KS,NIEHS,826541.5462099776,2283378.7407867825,6.694986524300823,2965252
KS,NIGMS,28202525.48124232,77911446.09203547,228.44045639806305,2965252
KS,NIH_tot,120462715.04263172,332786662.50604117,975.747991845316,2965252
KS,NIMH,2515862.1192250433,6950244.79305466,20.378483165722844,2965252
KS,NIMHD,765044.2538971893,2113488.176269051,6.196858456567233,2965252
KS,NINDS,3333936.6307376116,9210232.759216476,27.00488670897467,2965252
KS,NINR,722204.570355213,1995140.5588863299,5.849857019877227,2965252
KS,NLM,62795.340479127764,173476.51322306515,0.508642257880935,2965252
KS,OD,8669702.044203047,23950657.323231325,70.22458655804466,2965252
KY,FIC,26852.60714566639,70195.082378624,0.23093242145273102,4584046
KY,NCATS,5813079.471625422,15195902.214287894,49.99248345597862,4584046
KY,NCCIH,1173855.084324631,3068560.6763525023,10.095153725191834,4584046
KY,NCI,25536223.568822768,66753939.65765292,219.61152269187565,4584046
KY,NEI,5652954.821761905,14777322.263110526,48.61541146715238,4584046
KY,NHGRI,1595697.945541059,4171295.1048305403,13.723002331653115,4584046
KY,NHLBI,28400888.21873143,74242425.59857664,244.24763868109025,4584046
KY,NIA,30985489.282812282,80998800.63601197,266.4752078321857,4584046
KY,NIAAA,10432069.289938904,27270348.805030435,89.71579589347458,4584046
KY,NIAID,22343865.479160678,58408834.176077314,192.1572431207818,4584046
KY,NIAMS,3755099.243984237,9816160.469689123,32.29385349826441,4584046
KY,NIBIB,1206201.8574256517,3153117.992898776,10.373335973860604,4584046
KY,NICHD,5203606.837528299,13602687.018240564,44.751018802743346,4584046
KY,NIDA,33735535.05524117,88187662.7265141,290.1256014750738,4584046
KY,NIDCD,3651001.509048041,9544039.813410373,31.39861297781317,4584046
KY,NIDCR,6838247.197900515,17875781.02856535,58.80892590194443,4584046
KY,NIDDK,16186930.632130273,42314063.69652379,139.20760343632037,4584046
KY,NIEHS,16398650.724545388,42867518.683135286,141.02839623109034,4584046
KY,NIGMS,32061003.836187497,83810290.49485661,275.7246329912127,4584046
KY,NIH_tot,294298646.0497429,769322605.8577768,2530.968356027789,4584046
KY,NIMH,5260410.010199169,13751175.51931494,45.239526087712846,4584046
KY,NIMHD,1839215.3120176059,4807870.969055533,15.817251683351408,4584046
KY,NINDS,20911683.227873225,54664983.51141101,179.84047575970956,4584046
KY,NINR,1514196.685002541,3958243.62471062,13.022091491021863,4584046
KY,NLM,542297.9694121948,1417614.7005075053,4.663762536944874,4584046
KY,OD,13233590.181382552,34593771.39463398,113.80887555988997,4584046
LA,FIC,912626.6376559185,2525100.7618018477,8.943741049028,4614878
LA,NCATS,156047.04789478116,431758.7316190098,1.5292610693688558,4614878
LA,NCCIH,1054573.5898607054,2917846.6475327145,10.334821180634904,4614878
LA,NCI,16284300.237427587,45056211.6404512,159.58614232679042,4614878
LA,NEI,2156478.846128264,5966652.903266518,21.133492692057,4614878
LA,NHGRI,47225.11741851333,130664.80316195753,0.4628061507014307,4614878
LA,NHLBI,19972940.49644969,55262124.92826969,195.7348168652069,4614878
LA,NIA,19685700.48265802,54467374.974982895,192.91986473004863,4614878
LA,NIAAA,8534669.79653508,23614148.78302416,83.63976400604373,4614878
LA,NIAID,23964046.918098535,66304916.6350984,234.8476597973657,4614878
LA,NIAMS,1347769.9026118654,3729076.784960039,13.20814504559628,4614878
LA,NIBIB,687142.5546790524,1901220.1887325556,6.733997035854717,4614878
LA,NICHD,10005384.16211064,27683394.421576213,98.05276478868426,4614878
LA,NIDA,1600760.387623162,4429063.438945363,15.687451798706986,4614878
LA,NIDCD,1389303.7335660136,3843994.6537308274,13.615176588946937,4614878
LA,NIDCR,2395949.90838945,6629233.346127975,23.480309102216612,4614878
LA,NIDDK,14259017.869623989,39452559.67721224,139.7383751223151,4614878
LA,NIEHS,5807817.681686426,16069358.757816361,56.91661328052697,4614878
LA,NIGMS,36943372.46723251,102216759.96675114,362.04505017887857,4614878
LA,NIH_tot,215443496.64941892,596099779.5462205,2111.3462671643065,4614878
LA,NIMH,3129360.401488193,8658469.967572426,30.66773193458431,4614878
LA,NIMHD,6687052.987654753,18502070.722707264,65.53311927901659,4614878
LA,NINDS,7054983.037882797,19520077.88115151,69.1388337712514,4614878
LA,NINR,677407.0962037684,1874283.6381234573,6.638589542796933,4614878
LA,NLM,31735.680359734808,87807.85848909148,0.31100966752540116,4614878
LA,OD,30657829.608179547,84825607.43311587,300.44673016015963,4614878
MA,FIC,3173479.3839870277,7108552.87921354,25.070487133497522,7138560
MA,NCATS,58155367.02558235,130267271.8774824,459.4273995021005,7138560
MA,NCCIH,17055372.242354695,38203813.79227032,134.7374407146021,7138560
MA,NCI,422467461.47791374,946321663.4764613,3337.492945675519,7138560
MA,NEI,66875415.90069994,149800068.8607803,528.3157856155294,7138560
MA,NHGRI,68453864.23620461,153335772.7688185,540.7855274660163,7138560
MA,NHLBI,332083376.8659723,743862479.9867966,2623.4586772411812,7138560
MA,NIA,372066403.103926,833423942.940557,2939.324584521015,7138560
MA,NIAAA,27024691.26792504,60534959.79580335,213.49506101660782,7138560
MA,NIAID,433398264.1916948,970806520.5375273,3423.8462871143893,7138560
MA,NIAMS,63248686.89037292,141676242.6659186,499.664626433946,7138560
MA,NIBIB,90739882.20920521,203256165.51740605,716.8450694527212,7138560
MA,NICHD,122623268.3303918,274674539.1027075,968.7238198100952,7138560
MA,NIDA,104710401.8956188,234549949.38191482,827.2121749753884,7138560
MA,NIDCD,52496475.35580039,117591427.54228237,414.7221553108231,7138560
MA,NIDCR,31467053.00784694,70485792.78251576,248.5897187619908,7138560
MA,NIDDK,194154667.84409246,434903951.1899705,1533.8218759683307,7138560
MA,NIEHS,43671496.20249423,97823588.08954294,345.0048199997044,7138560
MA,NIGMS,215629152.70828417,483006520.2443789,1703.4703063954448,7138560
MA,NIH_tot,3474401332.591901,7782614161.907682,27447.770527476012,7138560
MA,NIMH,229015066.63124904,512990794.7407357,1809.2190263868677,7138560
MA,NIMHD,19769974.845080517,44284488.601407856,156.1828012761361,7138560
MA,NINDS,231919625.31757116,519496968.72651404,1832.1650400088124,7138560
MA,NINR,9622513.292804215,21554305.63626235,76.01785501315331,7138560
MA,NLM,8820367.194500735,19757508.724513944,69.68090083655581,7138560
MA,OD,255759005.17032737,572896872.0459011,2020.4961408455863,7138560
MD,FIC,4409310.685624683,9655994.207371835,37.038209759247344,6245314
MD,NCATS,21238849.607400525,46511172.24488487,178.40633670216445,6245314
MD,NCCIH,3138550.7040237044,6873144.030516904,26.363825913799122,6245314
MD,NCI,131009702.81456208,286899477.41972196,1100.481503642322,6245314
MD,NEI,36111795.309524596,79081586.9390628,303.33908060000664,6245314
MD,NHGRI,17203450.06416063,37674009.84192868,144.5089805389493,6245314
MD,NHLBI,179091104.91177765,392193427.70693195,1504.3652812589323,6245314
MD,NIA,149765278.20284072,327972502.2568198,1258.0283369038618,6245314
MD,NIAAA,17509007.73395524,38343153.68320391,147.075664965224,6245314
MD,NIAID,255953348.11482745,560514833.9425887,2150.0081241645507,6245314
MD,NIAMS,17922245.2401582,39248106.69075078,150.54686001732892,6245314
MD,NIBIB,25525294.286324397,55898100.937582515,214.41247200512487,6245314
MD,NICHD,68453389.07888535,149906771.27280793,575.0084682626368,6245314
MD,NIDA,76919650.33812173,168447122.70320424,646.1250628402227,6245314
MD,NIDCD,24550776.09752427,53763993.6684552,206.22651921920396,6245314
MD,NIDCR,12238314.658397533,26800809.440521054,102.80184313053928,6245314
MD,NIDDK,57714847.19138947,126390329.43999808,484.8047164076715,6245314
MD,NIEHS,27474666.705380052,60167051.37642989,230.7872003251925,6245314
MD,NIGMS,87184689.78036639,190926636.72699657,732.3513941550777,6245314
MD,NIH_tot,1544439942.2680342,3382184699.4800816,12973.295515051494,6245314
MD,NIMH,79144590.72325587,173319542.22688293,664.8145620753494,6245314
MD,NIMHD,33873395.71740673,74179692.9614531,284.5365240262165,6245314
MD,NINDS,114315455.72562978,250340576.33962557,960.2498280952906,6245314
MD,NINR,7854509.208490485,17200669.407623727,65.97787735132009,6245314
MD,NLM,3567498.443202924,7812501.036654698,29.96698692290457,6245314
MD,OD,92270220.92480391,202063492.9780641,775.0698557683529,6245314
ME,FIC,26469.674173305946,61696.56390852024,0.24616796981174527,1408438
ME,NCATS,148020.17212306143,345011.2740091972,1.3765876007444715,1408438
ME,NCCIH,47866.6845418712,111569.56230707133,0.4451601662394022,1408438
ME,NCI,13047560.389161045,30411770.017628904,121.34231161919772,1408438
ME,NEI,3862990.8290774953,9004011.874258766,35.925814710420724,1408438
ME,NHGRI,12356693.949236307,28801471.183423597,114.91725372789763,1408438
ME,NHLBI,3927816.6774305915,9155110.526612949,36.5286951001045,1408438
ME,NIA,12263961.807467427,28585327.438186754,114.05484480944709,1408438
ME,NIAAA,106525.93177412105,248294.8567702705,0.990691165499326,1408438
ME,NIAID,8470314.847230595,19742944.997202482,78.77392807924453,1408438
ME,NIAMS,2074766.9851404694,4835948.982821177,19.295332961806363,1408438
ME,NIBIB,249155.3313134032,580741.1047404675,2.3171445812146496,1408438
ME,NICHD,5203456.131518415,12128421.440380413,48.392142023121274,1408438
ME,NIDA,6875502.204384345,16025692.586112801,63.942170500774395,1408438
ME,NIDCD,1594449.0691245643,3716404.979073381,14.828376342858448,1408438
ME,NIDCR,756148.0981547316,1762459.9062559162,7.032177312839003,1408438
ME,NIDDK,5812423.174378974,13547825.919333868,54.055535521724465,1408438
ME,NIEHS,4045098.0531929,9428474.597799577,37.61941189469397,1408438
ME,NIGMS,26402885.800804585,61540890.92722864,245.54683794748263,1408438
ME,NIH_tot,130170915.06952332,303407519.4139179,1210.5895101465667,1408438
ME,NIMH,877316.8689668188,2044884.8716400324,8.159046881391415,1408438
ME,NIMHD,61062.45426738703,142326.78451018556,0.5678808246866995,1408438
ME,NINDS,6067625.1443809075,14142660.768781435,56.428913842742475,1408438
ME,NINR,141150.92715379523,329000.1660342825,1.3127036225302955,1408438
ME,NLM,31952.377601930886,74475.86599818303,0.29715711169795733,1408438
ME,OD,15719701.486924237,36640102.21889904,146.1932238283954,1408438
MI,FIC,660164.0040958577,1681862.0907384185,6.403590839729819,10099962
MI,NCATS,15488635.893655756,39459512.1593565,150.2397681684608,10099962
MI,NCCIH,3448394.00735904,8785276.263055036,33.449421871382675,10099962
MI,NCI,118309575.84320188,301410542.4523123,1147.602885679058,10099962
MI,NEI,24311000.816130154,61935746.88544063,235.81670791646246,10099962
MI,NHGRI,6011151.659422016,15314267.416787589,58.30817109639354,10099962
MI,NHLBI,100505933.06498682,256053219.60533538,974.9075507303718,10099962
MI,NIA,120298309.33401322,306477125.0681857,1166.8936005399285,10099962
MI,NIAAA,13205749.582021875,33643533.21900039,128.09577094561217,10099962
MI,NIAID,63501412.512344256,161778918.19340447,615.9637013697393,10099962
MI,NIAMS,17822709.10738375,45405897.04375121,172.88027834162236,10099962
MI,NIBIB,10630651.614584789,27083103.349302247,103.1173206614724,10099962
MI,NICHD,54583513.6411451,139059297.08796325,529.4600823191074,10099962
MI,NIDA,32385439.3882259,82506532.40865742,314.1387620657912,10099962
MI,NIDCD,12207300.457279509,31099841.466622885,118.41081443561124,10099962
MI,NIDCR,23773738.319397446,60566993.93856078,230.6052616981552,10099962
MI,NIDDK,91718759.87274075,233666640.83839366,889.6719707655849,10099962
MI,NIEHS,27396330.803733557,69796065.7022405,265.7444087962154,10099962
MI,NIGMS,87020925.30036657,221698236.2801088,844.1029754135557,10099962
MI,NIH_tot,1005095643.1995202,2560624707.460064,9749.427739035344,10099962
MI,NIMH,40255331.345718145,102556206.216064,390.47671405346597,10099962
MI,NIMHD,12124566.204013104,30889064.13960868,117.60829217892709,10099962
MI,NINDS,72014895.63730179,183468232.42315784,698.5444876818271,10099962
MI,NINR,5304500.325871918,13513972.214544047,51.45365316095759,10099962
MI,NLM,1656211.0486449613,4219434.200737816,16.065247171856118,10099962
MI,OD,50460443.41588208,128555186.79673432,489.46630113405627,10099962
MN,FIC,329006.5296080672,813122.6203472209,2.9939594194334127,5797405
MN,NCATS,20576005.238849256,50852532.67168292,187.24164767352823,5797405
MN,NCCIH,4389047.689432392,10847304.344724087,39.94033397383476,5797405
MN,NCI,115690357.80051303,285922735.31994385,1052.7822559846688,5797405
MN,NEI,6091853.503097824,15055700.837035423,55.43586687819021,5797405
MN,NHGRI,3936932.423042851,9729924.849114727,35.82608504968994,5797405
MN,NHLBI,69102023.8269309,170782077.64564794,628.8284168250709,5797405
MN,NIA,112139867.8951623,277147883.1648992,1020.472797845977,5797405
MN,NIAAA,8230927.274884023,20342311.022258185,74.90143820144455,5797405
MN,NIAID,66402769.84356148,164111011.04233566,604.2652055764094,5797405
MN,NIAMS,16244491.235795597,40147419.856963515,147.82487024574004,5797405
MN,NIBIB,10460544.596311737,25852694.907132927,95.19095582643678,5797405
MN,NICHD,24644324.02764046,60907172.127898216,224.26334865152836,5797405
MN,NIDA,25553094.90495056,63153152.3457799,232.5331636350502,5797405
MN,NIDCD,6081412.973167436,15029897.607339872,55.34085805582364,5797405
MN,NIDCR,4850492.986874985,11987742.529493243,44.139486180562386,5797405
MN,NIDDK,56874498.7274734,140562381.8205336,517.557938420008,5797405
MN,NIEHS,5903713.304894943,14590722.068566557,53.723791074543946,5797405
MN,NIGMS,36580546.91359351,90406929.59969214,332.88297691370076,5797405
MN,NIH_tot,738818696.7173709,1825952194.1768067,6723.2501401280715,5797405
MN,NIMH,28819627.297789797,71226218.19611,262.2586084098872,5797405
MN,NIMHD,6887911.393477749,17023116.73770128,62.67999368064751,5797405
MN,NINDS,55234207.22161042,136508486.20645732,502.6312857166549,5797405
MN,NINR,2097858.1361695523,5184747.873639456,19.09050903914293,5797405
MN,NLM,604829.8858600424,1494805.778598654,5.503951961326386,5797405
MN,OD,51092351.08667825,126272103.00291045,464.9403948887721,5797405
MO,FIC,1191315.0917206798,2801028.795180466,10.245309788797844,6243544
MO,NCATS,15671407.23803685,36846727.821889155,134.7741022471169,6243544
MO,NCCIH,2569642.397061032,6041762.08083503,22.098924614724876,6243544
MO,NCI,92695396.10994712,217946096.28390235,797.1804065455452,6243544
MO,NEI,13760291.53104753,32353298.532357533,118.33850716700877,6243544
MO,NHGRI,11629187.258754954,27342630.51202559,100.0110104252926,6243544
MO,NHLBI,77820655.29317933,182972496.40409702,669.2576355213421,6243544
MO,NIA,130482795.1856426,306792106.58091223,1122.1520385965262,6243544
MO,NIAAA,6347524.806159369,14924346.953831227,54.58871333297057,6243544
MO,NIAID,113127781.47893769,265986870.86193955,972.8989207188641,6243544
MO,NIAMS,17582115.05207088,41339198.07050787,151.20618944780955,6243544
MO,NIBIB,9924049.920909647,23333499.07716428,85.34682931982292,6243544
MO,NICHD,29841634.354759265,70163869.91471566,256.63805545092964,6243544
MO,NIDA,18913189.498237774,44468830.0865493,162.65342968484484,6243544
MO,NIDCD,8330414.480325414,19586531.722247943,71.64156453079853,6243544
MO,NIDCR,5116225.378882816,12029306.69516264,43.999538258392235,6243544
MO,NIDDK,61093130.06211115,143642616.1986379,525.4009185341558,6243544
MO,NIEHS,3108849.7589698895,7309550.39122951,26.736107927141042,6243544
MO,NIGMS,52052446.93610746,122386095.6189625,447.65104365052423,6243544
MO,NIH_tot,826352963.9228158,1942927159.251695,7106.635489736216,6243544
MO,NIMH,49911456.60372296,117352183.42151843,429.23852679201735,6243544
MO,NIMHD,3111416.8095040945,7315586.059303358,26.7581845617352,6243544
MO,NINDS,57172130.94881123,134423534.27937245,491.68032615977666,6243544
MO,NINR,2347274.9089570823,5518930.0092699155,20.18656421703091,6243544
MO,NLM,817617.5608607446,1922388.4154009568,7.031511023402406,6243544
MO,OD,41735015.25809839,98127674.46468204,358.92113121964604,6243544
MS,FIC,13920.853594695056,44826.59615068182,0.12389559699278606,2950172
MS,NCATS,96590.57429198896,311031.69330072025,0.859656111198702,2950172
MS,NCCIH,384614.4564152955,1238498.5442281084,3.4230686620961293,2950172
MS,NCI,6059019.165759077,19510671.767730273,53.92527057525584,2950172
MS,NEI,585726.3404654666,1886099.7237172218,5.212964430142652,2950172
MS,NHGRI,154907.82411219014,498819.3019071913,1.3786796345984924,2950172
MS,NHLBI,8086521.583597975,26039440.385312043,71.97004209402198,2950172
MS,NIA,3188488.8654868226,10267265.70550175,28.37755090283271,2950172
MS,NIAAA,827045.2218458216,2663171.6155797853,7.360702474427812,2950172
MS,NIAID,5215161.822467056,16793363.37286619,46.414940219956826,2950172
MS,NIAMS,534642.955933436,1721605.913560355,4.758322307807583,2950172
MS,NIBIB,381418.76867778046,1228208.097406093,3.394627041232246,2950172
MS,NICHD,1655097.5874934103,5329586.338930255,14.730368528691345,2950172
MS,NIDA,3825410.890333686,12318220.85656844,34.04615692396982,2950172
MS,NIDCD,1084890.0901325718,3493458.9037544513,9.655521802179893,2950172
MS,NIDCR,1046276.1455193156,3369117.9867849015,9.311857695121912,2950172
MS,NIDDK,2871651.7085789377,9247017.113586947,25.55770020635256,2950172
MS,NIEHS,585086.9091833301,1884040.688496755,5.207273491731638,2950172
MS,NIGMS,23587796.521634508,75955157.6034608,209.93138904254718,2950172
MS,NIH_tot,72920616.80782436,234811968.85431144,648.993489589637,2950172
MS,NIMH,1115649.095216925,3592506.0986361294,9.929276947430631,2950172
MS,NIMHD,2953820.4242182095,9511608.922352577,26.289001775542076,2950172
MS,NINDS,1312509.0310812884,4226415.562823281,11.68133037662347,2950172
MS,NINR,54951.89101702554,176950.80330959015,0.48907183005152727,2950172
MS,NLM,6493.550064694837,20909.906447492216,0.05779259557578407,2950172
MS,OD,7292924.530702857,23483975.351899315,64.90702832325543,2950172
MT,FIC,2589.1375491761037,6835.734921085224,0.023820065452420155,1137557
MT,NCATS,307778.08185795066,812583.0868933569,2.8315583530931465,1137557
MT,NCCIH,130573.3486741838,344734.4076328353,1.2012748078024904,1137557
MT,NCI,1930464.1154677481,5096732.296900932,17.760269862303282,1137557
MT,NEI,177507.48344246272,468647.98809461325,1.6330688476706567,1137557
MT,NHGRI,104094.54626843221,274826.1579413082,0.9576698256695767,1137557
MT,NHLBI,854434.4797987958,2255842.9208206786,7.860797214148926,1137557
MT,NIA,796611.5733528201,2103181.2513171877,7.328826474845945,1137557
MT,NIAAA,223671.6012361555,590528.6012755758,2.057778731372632,1137557
MT,NIAID,5668920.273851004,14966851.140505238,52.15406651942926,1137557
MT,NIAMS,648510.339448693,1712170.4389420755,5.966295122927979,1137557
MT,NIBIB,1076543.9072657975,2842247.1348886294,9.904203946845344,1137557
MT,NICHD,766272.5060356924,2023081.288300994,7.049707055528369,1137557
MT,NIDA,1379311.9659638614,3641602.963817113,12.689670086867528,1137557
MT,NIDCD,571195.9529381169,1508048.1620314503,5.2550027670306765,1137557
MT,NIDCR,67167.15068801907,177331.96046459113,0.6179377863297756,1137557
MT,NIDDK,970670.4746709871,2562724.4341214127,8.930168366973083,1137557
MT,NIEHS,854811.9584241796,2256839.5244280533,7.864270017502451,1137557
MT,NIGMS,19077825.947844837,50368494.74898201,175.51599872017246,1137557
MT,NIH_tot,40320254.634633206,106451884.99958831,370.9463426386258,1137557
MT,NIMH,465026.8040626024,1227744.7232507672,4.278246597375942,1137557
MT,NIMHD,803567.0844990809,2121544.906987632,7.392817177391538,1137557
MT,NINDS,1403607.3943728728,3705746.7589009465,12.913188028230437,1137557
MT,NINR,366364.9280602278,967261.6788548363,3.3705573381540956,1137557
MT,NLM,7233.249264205738,19096.92847488117,0.066545893230692793,1137557
MT,OD,1665500.3295953206,4397185.76084013,15.322603032276941,1137557
NC,FIC,3974108.0379021643,9941997.221366378,38.548847967650964,11052061
NC,NCATS,72520409.7185534,181423782.4029583,703.4479742699685,11052061
NC,NCCIH,7220550.609160578,18063599.02860222,70.03934090885764,11052061
NC,NCI,163322623.04484656,408583020.1423695,1584.2294435350111,11052061
NC,NEI,25137607.09608003,62886569.14142507,243.83478883197617,11052061
NC,NHGRI,28231259.560437404,70625937.04767606,273.8432177362427,11052061
NC,NHLBI,333289578.7238609,833788118.9893739,3232.9089136214498,11052061
NC,NIA,152521979.65772748,381563129.00715286,1479.4632026799557,11052061
NC,NIAAA,31100479.33503324,77803843.32361606,301.6746495498223,11052061
NC,NIAID,384670246.84709895,962326763.3446075,3731.3013944168597,11052061
NC,NIAMS,22139501.85026842,55386231.018016264,214.75316794760374,11052061
NC,NIBIB,14410306.14616036,36050158.248790964,139.77996961775554,11052061
NC,NICHD,84383364.41029197,211101250.01521727,818.5186347798318,11052061
NC,NIDA,63449957.90384772,158732298.96106744,615.4645916673225,11052061
NC,NIDCD,9662095.803134624,24171594.91165927,93.72232929040584,11052061
NC,NIDCR,14237286.24118924,35617315.60886818,138.1016765395356,11052061
NC,NIDDK,81221823.31130147,203192045.6046619,787.8516861196239,11052061
NC,NIEHS,40975355.458858386,102507749.21849239,397.4609479509265,11052061
NC,NIGMS,115032526.93940756,287776037.36260027,1115.8155113122532,11052061
NC,NIH_tot,2067630260.2909966,5172575608.557775,20056.01352482265,11052061
NC,NIMH,62976389.05396656,157547575.20802897,610.8709738234754,11052061
NC,NIMHD,20451856.268969737,51164260.32172392,198.38300580900645,11052061
NC,NINDS,85821693.92520492,214699508.51858276,832.4704310744877,11052061
NC,NINR,8898414.377073258,22261098.633375138,86.3146194576106,11052061
NC,NLM,1538781.0354187968,3849557.342809607,14.926176043562327,11052061
NC,OD,240442064.93520215,601512167.934732,2332.2880298714595,11052061
ND,FIC,31.52301735207037,116.4390880181738,2.3327032840532073e-4,793387
ND,NCATS,26417.068977800252,97578.83852086985,0.19548631043572193,793387
ND,NCCIH,168.95437397173774,624.0802713214429,0.0012502623673908593,793387
ND,NCI,140441.9238363218,518761.5559887105,1.0392702363887818,793387
ND,NEI,85787.71844001017,316880.95040998975,0.6348291164560752,793387
ND,NHGRI,945.9884233957013,3494.273028045365,0.00700031433312819,793387
ND,NHLBI,586814.5121184377,2167563.6524183434,4.342427389676437,793387
ND,NIA,2551815.382341079,9425844.37879097,18.883433829323973,793387
ND,NIAAA,228186.64485595288,842871.2431999793,1.6885811719340507,793387
ND,NIAID,1220121.670493258,4506860.9072765345,9.028900361650107,793387
ND,NIAMS,2424.5237142505484,8955.656973212548,0.017941475485454057,793387
ND,NIBIB,1457.8423380490617,5384.94873193242,0.010788033301563058,793387
ND,NICHD,121728.5960338997,449638.64180942846,0.9007916106508576,793387
ND,NIDA,157265.7372605914,580905.0199290747,1.1637664557283764,793387
ND,NIDCD,8106.538810651833,29943.77015226418,0.05998838719882355,793387
ND,NIDCR,757.6573237573795,2798.619396845439,0.005606664195804607,793387
ND,NIDDK,746607.1043005978,2757802.3182778056,5.524892571824422,793387
ND,NIEHS,1929.259631102446,7126.26045555545,0.014276521270158106,793387
ND,NIGMS,15929138.080813993,58838730.13582965,117.87562179802353,793387
ND,NIH_tot,23790173.63349287,87875665.28735164,176.04728488784724,793387
ND,NIMH,917582.6368523857,3389348.3045456535,6.790111512707655,793387
ND,NIMHD,7438.943902575922,27477.821496596236,0.05504818487906184,793387
ND,NINDS,496184.3591566901,1832795.8146840422,3.6717642577595053,793387
ND,NINR,3325.244431536484,12282.721058115627,0.024606808793369985,793387
ND,NLM,57.77547527792487,213.40988954333972,4.27538517056644e-4,793387
ND,OD,555437.946569935,2051665.5251291373,4.11024080461752,793387
NE,FIC,71610.28169691717,185302.40388002837,0.6588145916116377,2005591
NE,NCATS,78906.42517724143,204182.27551186818,0.7259391116306207,2005591
NE,NCCIH,35748.54891695901,92504.76178228005,0.32888665003602296,2005591
NE,NCI,20241041.718704987,52376748.12377457,186.21758381208588,2005591
NE,NEI,1899409.066813816,4915007.422003674,17.474563414687122,2005591
NE,NHGRI,390495.9654886077,1010467.2038122523,3.592562882495189,2005591
NE,NHLBI,11112301.889156325,28754757.05313266,102.23317738023819,2005591
NE,NIA,5518147.176189518,14279038.044277495,50.76695402094357,2005591
NE,NIAAA,5248453.942148072,13581166.12709146,48.28577626776224,2005591
NE,NIAID,14545016.560820479,37637423.974983305,133.8141523595484,2005591
NE,NIAMS,1347393.0708723548,3486582.7795604053,12.396016252025676,2005591
NE,NIBIB,780431.5245376707,2019484.2714438236,7.17997002574657,2005591
NE,NICHD,3641978.4742547683,9424168.571421497,33.50620196314387,2005591
NE,NIDA,9409389.444006206,24348214.27455402,86.56638288485706,2005591
NE,NIDCD,7173536.617151572,18562607.882281505,65.99653687779447,2005591
NE,NIDCR,742119.6462275337,1920346.5082651442,6.827500745293314,2005591
NE,NIDDK,3967498.811483089,10266501.537734104,36.500989065644454,2005591
NE,NIEHS,907077.0040171442,2347198.5497846045,8.345108436957723,2005591
NE,NIGMS,44543647.78166881,115263406.53794496,409.8015595913532,2005591
NE,NIH_tot,152411634.85966706,394388091.34020334,1402.1870407089375,2005591
NE,NIMH,6962703.478200208,18017045.338195853,64.05687199944191,2005591
NE,NIMHD,1119405.2205858428,2896629.832687001,10.298528029389752,2005591
NE,NINDS,8543829.144260833,22108446.45846345,78.60322812719966,2005591
NE,NINR,336090.04713767587,869683.6847863499,3.0920284336666173,2005591
NE,NLM,5103.661974412745,13206.495073604598,0.046953690164597266,2005591
NE,OD,3790299.35817607,9807971.227757229,34.8707540952198,2005591
NH,FIC,239334.18926460965,577840.0039151075,1.6753393248522677,1408518
NH,NCATS,2147150.3881378714,5184003.975780385,15.030052716965098,1408518
NH,NCCIH,514593.5729047941,1242416.5268474866,3.602155010333559,1408518
NH,NCI,22343013.48251265,53944181.72297253,156.40109437758855,1408518
NH,NEI,2379493.433402309,5744964.808822149,16.656454033816164,1408518
NH,NHGRI,1607876.7008262763,3882000.6533761476,11.255136905783933,1408518
NH,NHLBI,9505972.972224738,22950885.021338183,66.54181080557319,1408518
NH,NIA,12060714.710693642,29118963.14128796,84.42500297485549,1408518
NH,NIAAA,866032.5337850502,2090918.3274257844,6.062227736495351,1408518
NH,NIAID,17829148.875728797,43046066.622615926,124.80404213010158,1408518
NH,NIAMS,2755843.6570954355,6653611.48149561,19.29090559966805,1408518
NH,NIBIB,4059006.2039522193,9799921.055950938,28.41304342766554,1408518
NH,NICHD,5095537.9422952505,12302486.634160357,35.668765596066756,1408518
NH,NIDA,8187603.558818511,19767860.52598723,57.31322491172958,1408518
NH,NIDCD,2051586.0601604604,4953276.841381886,14.361102421123226,1408518
NH,NIDCR,1155406.9221827423,2789573.6187505983,8.087848455279195,1408518
NH,NIDDK,6724223.148528711,16234726.60722125,47.069562039700976,1408518
NH,NIEHS,2133953.772111246,5152142.532666378,14.93767640477872,1408518
NH,NIGMS,25396914.386834893,61317412.08313177,177.77840070784424,1408518
NH,NIH_tot,158816913.7931935,383441941.03660524,1111.7183965523548,1408518
NH,NIMH,10490237.639699096,25327258.831759695,73.43166347789366,1408518
NH,NIMHD,886526.4347782332,2140398.077337502,6.205685043447631,1408518
NH,NINDS,8448564.247943908,20397914.78647231,59.13994973560736,1408518
NH,NINR,311106.37072526844,751124.2210328304,2.177744595076879,1408518
NH,NLM,725006.0173151816,1750428.8926338914,5.075042121206271,1408518
NH,OD,10902066.57127162,26321564.042241424,76.31446599890133,1408518
NJ,FIC,1020262.5872185588,3317936.0243989876,8.978310767523318,9506354
NJ,NCATS,14428586.258354954,46922357.7611092,126.97155907352361,9506354
NJ,NCCIH,1556799.9917155704,5062777.7985851215,13.699839927097019,9506354
NJ,NCI,119944049.13379726,390062996.05501103,1055.5076323774158,9506354
NJ,NEI,10423486.016257059,33897606.54405899,91.72667694306212,9506354
NJ,NHGRI,8735264.130610999,28407439.32462343,76.87032434937679,9506354
NJ,NHLBI,64124883.27216426,208536765.86252823,564.2989727950456,9506354
NJ,NIA,68698517.31639768,223410412.45889103,604.5469523842995,9506354
NJ,NIAAA,8048008.027966536,26172454.12618684,70.82247064610554,9506354
NJ,NIAID,122477471.0029429,398301788.4893728,1077.8017448258977,9506354
NJ,NIAMS,11789410.560478963,38339649.51285972,103.74681293221492,9506354
NJ,NIBIB,5241607.932610385,17045925.23851701,46.1261498069714,9506354
NJ,NICHD,27698528.429291956,90076757.15026508,243.74705017776918,9506354
NJ,NIDA,35570662.469381325,115677261.81222312,313.0218297305557,9506354
NJ,NIDCD,7048806.091456493,22923008.206745602,62.02949360481715,9506354
NJ,NIDCR,8184683.068235154,26616926.99564655,72.02521100046935,9506354
NJ,NIDDK,35987172.60797342,117031769.96598144,316.68711895016605,9506354
NJ,NIEHS,16495168.41837092,53642968.20198622,145.1574820816641,9506354
NJ,NIGMS,77947613.7260981,253488855.55317894,685.9390007896633,9506354
NJ,NIH_tot,820226551.6091694,2667410584.1436996,7217.99365416069,9506354
NJ,NIMH,62450626.09284737,203092012.44418672,549.5655096170569,9506354
NJ,NIMHD,7522478.363837655,24463409.97780037,66.19780960177135,9506354
NJ,NINDS,51254976.53708733,166683298.21418494,451.0437935263686,9506354
NJ,NINR,3865048.3844844718,12569296.798275132,34.01242578346335,9506354
NJ,NLM,1702917.638039255,5537958.412489071,14.985675214745454,9506354
NJ,OD,48009523.55155092,156128951.21459457,422.48380725364814,9506354
NM,FIC,272781.16370332526,634985.3254327031,2.1276930768859366,2126774
NM,NCATS,4640239.151143596,10801639.407474115,36.193865378920044,2126774
NM,NCCIH,7764.121772278953,18073.474441335075,0.06056014982377586,2126774
NM,NCI,14835047.117799219,34533312.68925292,115.7133675188339,2126774
NM,NEI,1343759.2897711545,3128029.143707891,10.481322460215008,2126774
NM,NHGRI,505361.06359631976,1176389.3630783502,3.9418162960512957,2126774
NM,NHLBI,2758096.4639397487,6420350.866434179,21.513152418730037,2126774
NM,NIA,7121747.790206412,16578143.728179734,55.54963276360999,2126774
NM,NIAAA,8713472.412449004,20283391.42025723,67.96508481710222,2126774
NM,NIAID,7927302.278435262,18453329.213560577,61.83295777179504,2126774
NM,NIAMS,34026.111422109454,79206.64734048936,0.2654036690924537,2126774
NM,NIBIB,1080145.3141306697,2514383.377856055,8.425133450219226,2126774
NM,NICHD,1039122.2351969874,2418889.052759303,8.105153434536499,2126774
NM,NIDA,5767847.390160974,13426507.909728104,44.9892096432556,2126774
NM,NIDCD,774795.9196464748,1803585.088139463,6.0434081732425025,2126774
NM,NIDCR,731303.8473199004,1702343.3919567002,5.704170009095222,2126774
NM,NIDDK,2300224.94176486,5354508.586243617,17.94175454576591,2126774
NM,NIEHS,6769748.275392577,15758752.376402574,52.80403654806209,2126774
NM,NIGMS,24578926.264283266,57215305.04828646,191.71562486140948,2126774
NM,NIH_tot,121788801.31240195,283502352.52871907,949.9526502367352,2126774
NM,NIMH,3753980.1564773293,8738588.394326175,29.281045220523172,2126774
NM,NIMHD,4023563.045706577,9366128.713915458,31.383791756511297,2126774
NM,NINDS,8549371.47877137,19901394.058854245,66.68509753441666,2126774
NM,NINR,772599.4095425727,1798472.008980304,6.026275394432066,2126774
NM,NLM,104721.19743633406,243772.0505736017,0.8168253400034055,2126774
NM,OD,13382854.872333629,31152871.19153752,104.38626800420232,2126774
NV,FIC,5312.009830230815,28132.099793036235,0.0462144855230081,3253543
NV,NCATS,61352.600046419335,324919.85561576264,0.5337676204038483,3253543
NV,NCCIH,14589.282199621095,77264.00286625107,0.12692675513670348,3253543
NV,NCI,2690290.1139440862,14247622.345684795,23.40552399131355,3253543
NV,NEI,1332263.3684543616,7055590.488306035,11.590691305552944,3253543
NV,NHGRI,114309.09507966717,605374.4200042515,0.9944891271931044,3253543
NV,NHLBI,2849529.2224850026,15090943.543422963,24.79090423561952,3253543
NV,NIA,3800992.6926935175,20129839.582546342,33.068636426433606,3253543
NV,NIAAA,237787.62313280458,1259309.6318178843,2.0687523212554,3253543
NV,NIAID,3650355.77107785,19332075.07403759,31.758095208377295,3253543
NV,NIAMS,1473687.978856957,7804567.124304507,12.821085416055524,3253543
NV,NIBIB,257186.12442471512,1362042.9835285034,2.2375192824950214,3253543
NV,NICHD,1350707.5137916065,7153269.625545526,11.751155369986977,3253543
NV,NIDA,654125.2104543438,3464209.64677372,5.690889330952791,3253543
NV,NIDCD,662576.5225602484,3508967.311601888,5.764415746274159,3253543
NV,NIDCR,198254.68903158847,1049945.4772341168,1.72481579457482,3253543
NV,NIDDK,2957109.9092535703,15660684.698409721,25.726856210506064,3253543
NV,NIEHS,863785.597624739,4574559.04804128,7.514934699335229,3253543
NV,NIGMS,16149709.85033289,85527938.32431667,140.50247569789616,3253543
NV,NIH_tot,44890028.13792653,237735017.75193065,390.5432447999607,3253543
NV,NIMH,789727.4571833028,4182351.3782571577,6.870628877494735,3253543
NV,NIMHD,143755.6023230166,761321.4356915843,1.2506737402102441,3253543
NV,NINDS,2117678.9831781616,11215106.595876709,18.423807153650007,3253543
NV,NINR,14471.212115569793,76638.71046407965,0.1258995454054572,3253543
NV,NLM,6802.715926199003,36026.793890777066,0.059183628557931335,3253543
NV,OD,2493666.991926056,13206317.553899568,21.694902829756685,3253543
NY,FIC,5142691.5455872435,12122772.200488878,36.51310997366944,20001419
NY,NCATS,74920055.49958065,176607668.96446043,531.932394047023,20001419
NY,NCCIH,7808371.107960066,18406529.60800311,55.43943486651648,20001419
NY,NCI,510305827.1037946,1202934541.1294644,3623.171372436941,20001419
NY,NEI,66774738.91142669,157406863.9728052,474.1006462711297,20001419
NY,NHGRI,37239345.00971452,87783623.11765507,264.3993495689731,20001419
NY,NHLBI,291954327.9789439,688218567.9739035,2072.8757286505015,20001419
NY,NIA,373146176.7414393,879610619.8516493,2649.337854864219,20001419
NY,NIAAA,39110416.808076516,92194266.25680362,277.68395933734325,20001419
NY,NIAID,367843767.58571476,867111348.2661716,2611.690749858576,20001419
NY,NIAMS,66014854.68793522,155615602.86790058,468.70546828434004,20001419
NY,NIBIB,35882792.94686312,84585847.8884248,254.7678299227281,20001419
NY,NICHD,90126436.19080691,212453390.50531906,639.8976969547292,20001419
NY,NIDA,149365033.4661051,352095446.39746106,1060.491737609346,20001419
NY,NIDCD,35882493.47181117,84585141.94139247,254.76570364985923,20001419
NY,NIDCR,31720202.582221925,74773450.17660886,225.21343833377568,20001419
NY,NIDDK,154725710.9723468,364732072.8939923,1098.5525479036626,20001419
NY,NIEHS,62693464.76758443,147786151.49278125,445.12359984984954,20001419
NY,NIGMS,292845670.1881522,690319712.5708776,2079.204258335881,20001419
NY,NIH_tot,3467915726.85195,8174853964.008914,24622.201660648858,20001419
NY,NIMH,230756868.6388021,543958922.5619985,1638.3737673354956,20001419
NY,NIMHD,31689799.8757558,74701782.43579651,224.9975791178662,20001419
NY,NINDS,215796819.5918838,508693874.07594866,1532.1574191023751,20001419
NY,NINR,17393689.89214185,41001825.2930827,123.49519823420714,20001419
NY,NLM,6048543.0981435785,14258119.405693596,42.9446559968194,20001419
NY,OD,272727628.189157,642895822.160231,1936.366160143015,20001419
OH,FIC,909784.1734752542,2372698.34364656,9.00686331740502,11860621
OH,NCATS,26361028.286934193,68749017.59865588,260.9741800406486,11860621
OH,NCCIH,3386848.277774108,8832830.393345378,33.52979794996367,11860621
OH,NCI,153865973.33743936,401279282.191468,1523.2731360406503,11860621
OH,NEI,27049104.760961667,70543506.8388796,267.7861371335206,11860621
OH,NHGRI,8592014.902103178,22407797.49875618,85.06094753082151,11860621
OH,NHLBI,158110184.74572754,412348097.9305506,1565.2908289827024,11860621
OH,NIA,76562271.39947218,199672823.32625344,757.9664868547743,11860621
OH,NIAAA,12090542.237039238,31531884.567776598,119.6963681466884,11860621
OH,NIAID,99997143.21673785,260790485.25699067,989.971717845705,11860621
OH,NIAMS,19135975.851730615,49906229.99521412,189.44616093213307,11860621
OH,NIBIB,11526815.648949172,30061697.263108995,114.11547492459667,11860621
OH,NICHD,42255536.86874265,110201567.86788593,418.32981500055206,11860621
OH,NIDA,35372166.85991615,92249880.97904693,350.1844519131698,11860621
OH,NIDCD,16871160.560618415,43999638.468829975,167.0244895501224,11860621
OH,NIDCR,13335087.552542824,34777633.059321195,132.017366770174,11860621
OH,NIDDK,69874088.1500041,182230179.47655886,691.7534726850406,11860621
OH,NIEHS,15681713.937655421,40897586.23002277,155.2489679827887,11860621
OH,NIGMS,65458004.39655433,170713124.20927495,648.0342435258884,11860621
OH,NIH_tot,1020927431.6304146,2662557666.5724525,10107.181573141108,11860621
OH,NIMH,27034674.367024463,70505872.66937959,267.6432762335421,11860621
OH,NIMHD,4679626.028267084,12204368.079674724,46.32829767984416,11860621
OH,NINDS,90171064.4599452,235164274.7001232,892.6935381534579,11860621
OH,NINR,8959085.561923403,23365110.202086452,88.69494706304174,11860621
OH,NLM,2372656.009672519,6187837.8942213645,23.48929449575794,11860621
OH,OD,31274880.039203692,81564241.53138095,309.62131238811645,11860621
OK,FIC,5450.8839408064705,15350.19040801821,0.05723428137846791,4097758
OK,NCATS,31294.9593205166,88129.4831439835,0.3285970728654242,4097758
OK,NCCIH,893228.778144658,2515414.3752349564,9.37890217051891,4097758
OK,NCI,17834467.271535765,50223499.7876582,187.26190635112556,4097758
OK,NEI,7411962.457304656,20872767.839536108,77.82560580169887,4097758
OK,NHGRI,1082313.140453797,3047893.32656529,11.364287974764867,4097758
OK,NHLBI,8870400.74453141,24979864.16563443,93.13920781757986,4097758
OK,NIA,11679091.987905316,32889396.977434523,122.63046587300587,4097758
OK,NIAAA,2671643.6041155863,7523594.057566881,28.052257843213656,4097758
OK,NIAID,16126217.883621091,45412912.430886984,169.3252877780214,4097758
OK,NIAMS,7185745.161713346,20235719.13356058,75.45032419799014,4097758
OK,NIBIB,665435.3026441721,1873927.0016991051,6.987070677763806,4097758
OK,NICHD,2887596.101019594,8131736.146549429,30.319759060705735,4097758
OK,NIDA,2821753.5089779682,7946317.35286899,29.628411844268655,4097758
OK,NIDCD,628900.6110322926,1771041.9506081813,6.603456415839073,4097758
OK,NIDCR,1124807.5528816653,3167561.4994943454,11.810479305257486,4097758
OK,NIDDK,6914475.648909557,19471799.241182085,72.60199431355032,4097758
OK,NIEHS,546479.503991993,1538936.534230325,5.738034791915922,4097758
OK,NIGMS,41357321.36341338,116466019.93145144,434.2518743158403,4097758
OK,NIH_tot,144165715.36565518,405983911.0871898,1513.7400113393787,4097758
OK,NIMH,2827695.562525849,7963050.72205555,29.69080340652141,4097758
OK,NIMHD,2391243.8088264233,6733962.450143374,25.10805999267744,4097758
OK,NINDS,2282899.7164062634,6428855.523213047,23.97044702226577,4097758
OK,NINR,5488.507968988185,15456.143131058685,0.05762933367437595,4097758
OK,NLM,31553.916696543238,88858.73092704704,0.3313161253137041,4097758
OK,OD,5888247.387773534,16581846.092005927,61.82659757162211,4097758
OR,FIC,95397.39447603613,231501.3036774134,0.8394970713891179,4265324
OR,NCATS,14529601.664039265,35259052.3631497,127.86049464354554,4265324
OR,NCCIH,3398377.1783388676,8246857.80459805,29.905719169382046,4265324
OR,NCI,59331055.97083932,143978951.22027868,522.1132925433859,4265324
OR,NEI,17933940.42874358,43520377.17728365,157.8186757729435,4265324
OR,NHGRI,6011745.777964061,14588731.61704085,52.903362846083766,4265324
OR,NHLBI,25978004.106212966,63040944.15320963,228.60643613467417,4265324
OR,NIA,25312355.75979785,61425612.195432484,222.74873068622114,4265324
OR,NIAAA,8830202.464905266,21428293.65087726,77.70578169116634,4265324
OR,NIAID,40010153.81037391,97092827.5170252,352.0893535312905,4265324
OR,NIAMS,4775169.613276995,11587926.45046596,42.021492596837554,4265324
OR,NIBIB,1164178.446759127,2825117.2856255,10.244770331480321,4265324
OR,NICHD,18643947.28580101,45243354.14045416,164.06673611504888,4265324
OR,NIDA,22689042.491483822,55059605.608937,199.66357392505765,4265324
OR,NIDCD,11172777.900300292,27113032.424249753,98.32044552264261,4265324
OR,NIDCR,7868189.882671403,19093773.214921765,69.24007096750833,4265324
OR,NIDDK,11775894.106690744,28576617.345150694,103.62786813887855,4265324
OR,NIEHS,10868874.017169364,26375547.448650002,95.64609135109039,4265324
OR,NIGMS,30921283.229438346,75036822.73829491,272.10729241905744,4265324
OR,NIH_tot,418151271.038615,1014729646.5641277,3679.7311851398126,4265324
OR,NIMH,17911403.86603526,43465687.59507822,157.62035402111027,4265324
OR,NIMHD,4220988.292553465,10243092.04565006,37.144696974470484,4265324
OR,NINDS,22832443.81730273,55407598.277484,200.92550559226402,4265324
OR,NINR,1538598.5223479392,3733724.2355100624,13.539666996661866,4265324
OR,NLM,1482516.0981828421,3597628.754297827,13.046141664009015,4265324
OR,OD,48855128.91291046,118556969.99678482,429.925134433612,4265324
PA,FIC,1924130.447463839,4626768.620497378,16.35510880344263,13045848
PA,NCATS,40262269.20457323,96814747.66499087,342.2292882388726,13045848
PA,NCCIH,3665266.70269639,8813508.973958617,31.154766972919308,13045848
PA,NCI,306782569.50788456,737690091.5348736,2607.651840817018,13045848
PA,NEI,38330442.64207899,92169472.9481062,325.8087624576714,13045848
PA,NHGRI,17897345.00942823,43035998.099289045,152.12743258014007,13045848
PA,NHLBI,233337219.7774893,561083230.0292246,1983.3663681086587,13045848
PA,NIA,236582828.7290707,568887628.9832435,2010.9540441971017,13045848
PA,NIAAA,17998310.81196651,43278780.70664455,152.98564190171527,13045848
PA,NIAID,224589540.16207322,540048538.956112,1909.0110913776216,13045848
PA,NIAMS,43979444.322023384,105753075.73572068,373.8252767371986,13045848
PA,NIBIB,20442000.08610988,49154881.709440574,173.75700073193408,13045848
PA,NICHD,84278491.39570281,202656259.5516665,716.3671768634738,13045848
PA,NIDA,81336008.58935647,195580758.44273677,691.3560730095302,13045848
PA,NIDCD,25917877.33920004,62322189.09116584,220.30195738320035,13045848
PA,NIDCR,27148360.88303836,65281012.72818776,230.761067505826,13045848
PA,NIDDK,148443773.72872356,356948249.0657273,1261.7720766941502,13045848
PA,NIEHS,23057396.34804539,55443869.740807764,195.9878689583858,13045848
PA,NIGMS,149967322.16565743,360611777.23716927,1274.722238408088,13045848
PA,NIH_tot,2159677524.462252,5193165678.421708,18357.25895792914,13045848
PA,NIMH,134107438.41425611,322475063.29324675,1139.9132265211772,13045848
PA,NIMHD,15262500.223189296,36700244.100426875,129.73125189710908,13045848
PA,NINDS,145373004.26200074,349564269.5501274,1235.670536227006,13045848
PA,NINR,14094562.402282301,33891818.05655486,119.80378041939956,13045848
PA,NLM,6269981.252545425,15076811.735202909,53.294840646636104,13045848
PA,OD,118629440.05539599,285256631.86658555,1008.3502404708653,13045848
RI,FIC,879246.6835652099,1829763.9833333893,6.506425458382553,1110415
RI,NCATS,896942.6635901064,1866590.3569832155,6.637375710566787,1110415
RI,NCCIH,3007495.210329448,6258774.151521,22.255464556437914,1110415
RI,NCI,10717781.113542477,22304331.912053652,79.31158024021431,1110415
RI,NEI,3274822.0674758856,6815097.0403385665,24.233683299321555,1110415
RI,NHGRI,1131907.4913192075,2355565.9620836442,8.376115435762136,1110415
RI,NHLBI,19990575.325458705,41601561.223204374,147.93025740839443,1110415
RI,NIA,40964643.13439535,85249828.06132232,303.1383591945256,1110415
RI,NIAAA,11188725.640690925,23284395.129841488,82.79656974111285,1110415
RI,NIAID,18007367.06327324,37474388.36327169,133.25451626822198,1110415
RI,NIAMS,3006817.477777728,6257363.7502802005,22.250449335555185,1110415
RI,NIBIB,1630457.7709576136,3393078.3719845787,12.06538750508634,1110415
RI,NICHD,14207512.653089963,29566668.18459416,105.13559363286572,1110415
RI,NIDA,16359263.083444357,34044587.19433085,121.05854681748825,1110415
RI,NIDCD,2272755.487516705,4729737.639861067,16.818390607623616,1110415
RI,NIDCR,893463.7526698788,1859350.5390549335,6.6116317697571025,1110415
RI,NIDDK,10106942.811767384,21033141.53383518,74.79137680707865,1110415
RI,NIEHS,6230740.310135194,12966536.493217658,46.10747829500045,1110415
RI,NIGMS,39757323.97713502,82737325.9937731,294.2041974307991,1110415
RI,NIH_tot,256775399.33501828,534364685.46476907,1900.1379550791355,1110415
RI,NIMH,22567089.78028143,46963439.11264522,166.99646437408256,1110415
RI,NIMHD,3492359.6835829467,7267805.594619266,25.843461658513807,1110415
RI,NINDS,12242536.777966948,25477437.9928576,90.59477215695541,1110415
RI,NINR,1590877.5301851758,3310709.5665392075,11.772493723370303,1110415
RI,NLM,167659.82800316045,348909.94810252404,1.2406827272233873,1110415
RI,OD,12190092.016864229,25368297.36512026,90.20668092479528,1110415
SC,FIC,375800.9382438367,1086662.0494357857,3.870749663911518,5490316
SC,NCATS,6953709.587156412,20107273.67119495,71.62320874771108,5490316
SC,NCCIH,686694.105946947,1985637.4707069327,7.072949291253555,5490316
SC,NCI,39699969.0054122,114796013.77143694,408.90968075574574,5490316
SC,NEI,2612419.219331327,7554044.000342707,26.907917959112684,5490316
SC,NHGRI,249122.2810094549,720359.3735207809,2.5659594943973847,5490316
SC,NHLBI,22614656.492048137,65392303.39810988,232.93096186809586,5490316
SC,NIA,18480106.35458719,53436881.60788231,190.34509545224802,5490316
SC,NIAAA,11570764.087186087,33457900.012908846,119.17887009801667,5490316
SC,NIAID,15299351.577252718,44239444.47203284,157.583321245703,5490316
SC,NIAMS,5059983.686757306,14631395.730033185,52.117831973600246,5490316
SC,NIBIB,793388.7372088467,2294154.5468288218,8.17190399325112,5490316
SC,NICHD,7979713.243047832,23074055.075865544,82.19104640339265,5490316
SC,NIDA,22620122.57126177,65408109.0554039,232.98726248399618,5490316
SC,NIDCD,11264603.135374527,32572608.21745064,116.02541229435762,5490316
SC,NIDCR,4640902.620161019,13419585.31562764,47.80129698765854,5490316
SC,NIDDK,17537572.158929147,50711459.61850848,180.6369932369702,5490316
SC,NIEHS,2187365.3566734074,6324962.711522838,22.529863173736107,5490316
SC,NIGMS,43575417.60680401,126002220.27893372,448.82680135008144,5490316
SC,NIH_tot,269634002.54769486,779670852.2742954,2777.230226241258,5490316
SC,NIMH,6236527.541861712,18033477.59500522,64.23623368117563,5490316
SC,NIMHD,3057407.7927028094,8840768.28947051,31.491300264838948,5490316
SC,NINDS,10505472.96451344,30377515.381569523,108.2063715344884,5490316
SC,NINR,2377361.4110293593,6874353.30851275,24.486822533602417,5490316
SC,NLM,1751856.3153736598,5065649.337857091,18.044120048348688,5490316
SC,OD,11503713.757821737,33264017.984133463,118.48825170556391,5490316
SD,FIC,2713.9771584817486,8471.75508845518,0.022526010415398513,927110
SD,NCATS,87334.10268710711,272615.8274851016,0.7248730523029887,927110
SD,NCCIH,14105.592579404802,44030.999058628186,0.11707641840905987,927110
SD,NCI,1995966.2858979136,6230464.20493828,16.566520172952686,927110
SD,NEI,45191.14137893639,141065.4031238327,0.37508647344517204,927110
SD,NHGRI,172384.64193721724,538103.4482692995,1.4307925280789031,927110
SD,NHLBI,1603594.4323682997,5005664.564927435,13.309833788656883,927110
SD,NIA,1133921.4542054215,3539567.317120394,9.411548069904995,927110
SD,NIAAA,508191.7846858615,1586334.7723353808,4.2179918128926515,927110
SD,NIAID,1001147.3961938513,3125109.406869001,8.309523388408966,927110
SD,NIAMS,50575.54937772139,157872.98225892894,0.4197770598350876,927110
SD,NIBIB,59693.35137663844,186334.4544708263,0.4954548164260992,927110
SD,NICHD,827202.0049335966,2582134.0362336934,6.8657766409488525,927110
SD,NIDA,463695.2632333306,1447437.64460682,3.8486706848366437,927110
SD,NIDCD,28190.160992456415,87996.37059798028,0.23397833623738823,927110
SD,NIDCR,201204.1579724869,628064.3681155057,1.669994511171641,927110
SD,NIDDK,803063.653945834,2506785.503115641,6.665428327750423,927110
SD,NIEHS,218227.35511063808,681202.750848832,1.8112870474182963,927110
SD,NIGMS,12019741.466150796,37519956.8682971,99.76385416905161,927110
SD,NIH_tot,29742794.39916481,92842958.90572628,246.865193513068,927110
SD,NIMH,1218001.5616540753,3802025.7080799085,10.109412961728827,927110
SD,NIMHD,428964.3960307828,1339024.277887756,3.5604044870554965,927110
SD,NINDS,437599.57318585453,1365979.2232433446,3.6320764574425923,927110
SD,NINR,87580.64062541894,273385.4025078182,0.7269193171909772,927110
SD,NLM,6388.047938321803,19940.469085247572,0.05302079788807096,927110
SD,OD,6328116.407544363,19753391.147161048,52.52336618261821,927110
TN,FIC,1782611.9096757954,4798792.1237841435,17.82611909675795,7251291
TN,NCATS,29070139.468773376,78256829.52237622,290.7013946877336,7251291
TN,NCCIH,666735.6427406573,1794852.6730150273,6.667356427406573,7251291
TN,NCI,119876693.13774845,322708115.9574096,1198.766931377484,7251291
TN,NEI,15139675.20057097,40756012.968837075,151.3967520057098,7251291
TN,NHGRI,19061059.88128552,51312382.42760681,190.6105988128552,7251291
TN,NHLBI,79973576.06106853,215288905.47045997,799.7357606106859,7251291
TN,NIA,52670400.21808431,141788742.88406962,526.7040021808432,7251291
TN,NIAAA,6267893.496543029,16873172.326891337,62.67893496543028,7251291
TN,NIAID,107539583.45587282,289496610.72158235,1075.3958345587287,7251291
TN,NIAMS,5788700.951914316,15583185.764780596,57.88700951914319,7251291
TN,NIBIB,9780203.973906668,26328313.832213495,97.80203973906674,7251291
TN,NICHD,16772212.675988887,45150804.64295009,167.72212675988882,7251291
TN,NIDA,12558287.77293945,33806916.76404031,125.58287772939454,7251291
TN,NIDCD,12550006.441605953,33784623.41608167,125.50006441605952,7251291
TN,NIDCR,1561758.6704603748,4204255.096904341,15.617586704603749,7251291
TN,NIDDK,61360315.542847075,165181999.1449947,613.6031554284712,7251291
TN,NIEHS,4570466.518610919,12303698.080597995,45.70466518610919,7251291
TN,NIGMS,52518177.17310215,141378958.37328872,525.1817717310216,7251291
TN,NIH_tot,759280245.9729714,2043982789.7159357,7592.802459729717,7251291
TN,NIMH,32684699.59746468,87987227.13857009,326.846995974647,7251291
TN,NIMHD,10823137.8985575,29135892.46224289,108.231378985575,7251291
TN,NINDS,29117477.967364818,78384264.78350031,291.17477967364835,7251291
TN,NINR,1493190.6358370879,4019669.9145056494,14.93190635837088,7251291
TN,NLM,2456078.5400905157,6611764.618876129,24.560785400905157,7251291
TN,OD,73197163.13991755,197046798.6063568,731.9716313991754,7251291
TX,FIC,1508213.26936573,4912995.539251535,17.79691657851564,31318578
TX,NCATS,34482986.87185246,112328119.71792732,406.8992450878593,31318578
TX,NCCIH,2614500.8605710296,8516720.629806327,30.851110154738166,31318578
TX,NCI,332264233.1955601,1082348715.9936712,3920.7179517076065,31318578
TX,NEI,47625992.35418459,155141380.0297207,561.9867097793788,31318578
TX,NHGRI,22122683.04048876,72064505.26715294,261.0476598777675,31318578
TX,NHLBI,126431124.2117801,411848617.09660906,1491.887265699004,31318578
TX,NIA,182827498.9788541,595559464.4206839,2157.3644879504777,31318578
TX,NIAAA,21320496.33303347,69451386.95330068,251.5818567297953,31318578
TX,NIAID,224150162.52502754,730167789.2484583,2644.9719177953243,31318578
TX,NIAMS,20626424.326413397,67190451.61895111,243.391807051678,31318578
TX,NIBIB,17885746.174443103,58262709.23088897,211.05180485842862,31318578
TX,NICHD,67016375.59792792,218305435.3499288,790.7932320555497,31318578
TX,NIDA,47448814.977454595,154564225.80411366,559.8960167339646,31318578
TX,NIDCD,17014901.021242574,55425936.44818285,200.7758320506626,31318578
TX,NIDCR,29081456.322701506,94732666.85185501,343.16118460787743,31318578
TX,NIDDK,104514368.35180718,340454918.3657957,1233.2695465513245,31318578
TX,NIEHS,25788431.726365674,84005659.28531408,304.30349437111505,31318578
TX,NIGMS,175894264.43402004,572974495.11745,2075.552320321435,31318578
TX,NIH_tot,1868740609.4778116,6087411153.890541,22051.139191838167,31318578
TX,NIMH,61197347.17225127,199349985.69382623,722.1286966325644,31318578
TX,NIMHD,23183464.621494126,75519994.80663396,273.5648825336309,31318578
TX,NINDS,129707907.30173735,422522718.05503994,1530.5533061605,31318578
TX,NINR,5507607.923028543,17940999.26541888,64.98977349173668,31318578
TX,NLM,4123521.88374567,13432347.422170773,48.6575582281989,31318578
TX,OD,144402086.00246066,470388915.6783897,1703.9446148290365,31318578
UT,FIC,286726.3766765918,787539.2257781519,3.297353331780805,3502983
UT,NCATS,8820021.322179716,24225579.955104582,101.43024520506674,3502983
UT,NCCIH,2791156.2861323073,7666351.055960997,32.098297290521536,3502983
UT,NCI,36798413.11028801,101072646.70466138,423.1817507683121,3502983
UT,NEI,11039177.188623058,30320841.6230295,126.95053766916514,3502983
UT,NHGRI,5602019.998066924,15386831.66581349,64.42322997776962,3502983
UT,NHLBI,27911909.856793575,76664463.63740961,320.9869633531261,3502983
UT,NIA,13118275.210699186,36031412.3267132,150.8601649230406,3502983
UT,NIAAA,4531295.439997292,12445917.755981868,52.109897559968864,3502983
UT,NIAID,26522282.510156624,72847632.91058394,305.0062488668012,3502983
UT,NIAMS,4006962.462270438,11005754.517024886,46.08006831611002,3502983
UT,NIBIB,3479517.624066032,9557044.062357837,40.01445267675936,3502983
UT,NICHD,16567365.447428092,45504882.76970723,190.52470264542305,3502983
UT,NIDA,8235080.658545264,22618948.145696852,94.70342757327053,3502983
UT,NIDCD,7317862.265789621,20099663.135113332,84.15541605658063,3502983
UT,NIDCR,1932125.8510560016,5306888.450527478,22.219447287144018,3502983
UT,NIDDK,17591838.579755075,48318759.84238877,202.30614366718336,3502983
UT,NIEHS,3566192.500098474,9795110.28269026,41.01121375113245,3502983
UT,NIGMS,28909169.790542785,79403595.36720605,332.45545259124196,3502983
UT,NIH_tot,286534604.344321,787012492.8147156,3295.147949959692,3502983
UT,NIMH,9337754.23883234,25647615.085135072,107.38417374657186,3502983
UT,NIMHD,1122618.0642982863,3083447.6110973647,12.910107739430295,3502983
UT,NINDS,27244165.29473859,74830397.85834281,313.3079008894936,3502983
UT,NINR,2360520.0363433603,6483540.6613201,27.145980417948646,3502983
UT,NLM,2868631.421453577,7879148.737134189,32.98926134671613,3502983
UT,OD,14573522.809489835,40028479.427937,167.59551230913314,3502983
VA,FIC,1328438.9221089247,3670988.0124217495,11.29173083792586,8819642
VA,NCATS,13303063.695129978,36761484.88315738,113.07604140860488,8819642
VA,NCCIH,1198859.0216658076,3312908.8766325614,10.190301684159364,8819642
VA,NCI,80789841.69415332,223253425.84351805,686.7136544003035,8819642
VA,NEI,7924314.196068469,21897929.920819957,67.35667066658199,8819642
VA,NHGRI,1589849.9453290273,4393367.277726968,13.513724535296735,8819642
VA,NHLBI,73449464.3496344,202969138.1808203,624.3204469718921,8819642
VA,NIA,31841302.32432113,87989772.94862436,270.6510697567295,8819642
VA,NIAAA,12374712.790698126,34196094.04375017,105.18505872093404,8819642
VA,NIAID,68624328.52802272,189635430.87621716,583.3067924881934,8819642
VA,NIAMS,8661880.331530303,23936109.017040875,73.62598281800756,8819642
VA,NIBIB,8460526.05226733,23379689.649072662,71.91447144427234,8819642
VA,NICHD,26050385.18191826,71987240.15852788,221.428274046305,8819642
VA,NIDA,31024214.498694215,85731844.81730291,263.7058232389011,8819642
VA,NIDCD,5436977.001183306,15024459.9604709,46.21430451005811,8819642
VA,NIDCR,6187074.205415131,17097267.222482406,52.590130746028635,8819642
VA,NIDDK,34550730.6102826,95476966.06887051,293.68121018740226,8819642
VA,NIEHS,5973016.787311415,16505744.192894243,50.77064269214699,8819642
VA,NIGMS,48255305.71707253,133347981.51043265,410.1700985951162,8819642
VA,NIH_tot,625366633.5341134,1728128690.6497602,5315.616385039966,8819642
VA,NIMH,24891209.09198371,68783990.49486989,211.5752772818616,8819642
VA,NIMHD,8477677.768271992,23427086.441501513,72.06026103031193,8819642
VA,NINDS,40044116.01209098,110657304.14992951,340.3749861027735,8819642
VA,NINR,2564891.3061702508,7087781.817750533,21.801576102447136,8819642
VA,NLM,4300398.726085549,11883656.756331764,36.55338917172719,8819642
VA,OD,78064054.7767039,215721027.5285937,663.5444656019826,8819642
VT,FIC,91931.43039179215,211407.20156891138,0.6894857279384412,646521
VT,NCATS,489201.6421201122,1124977.058692243,3.669012315900842,646521
VT,NCCIH,133662.43625050207,307372.58717911254,1.0024682718787656,646521
VT,NCI,13240609.886385696,30448349.070791535,99.30457414789272,646521
VT,NEI,465356.10915563605,1070141.4342224074,3.490170818667271,646521
VT,NHGRI,130425.46836767127,299928.7965325265,0.9781910127575346,646521
VT,NHLBI,11743487.719311137,27005539.507194508,88.0761578948335,646521
VT,NIA,8132570.139308089,18701807.286004286,60.994276044810675,646521
VT,NIAAA,338737.6751578265,778967.3636740095,2.540532563683699,646521
VT,NIAID,11877449.10074337,27313599.554190386,89.08086825557528,646521
VT,NIAMS,1581784.4121769706,3637500.413498568,11.86338309132728,646521
VT,NIBIB,1405459.5083778729,3232020.434342246,10.540946312834048,646521
VT,NICHD,2315138.1198021127,5323934.035041116,17.363535898515842,646521
VT,NIDA,7793749.837801675,17922649.9132653,58.45312378351255,646521
VT,NIDCD,573937.4527382504,1319837.0812015112,4.304530895536878,646521
VT,NIDCR,1077700.0644022683,2478298.812222773,8.082750483017012,646521
VT,NIDDK,3070882.4985926026,7061857.6542062685,23.031618739444518,646521
VT,NIEHS,545842.0569071913,1255228.3942235983,4.093815426803935,646521
VT,NIGMS,25220796.592636406,57998205.90482227,189.155974444773,646521
VT,NIH_tot,111631460.22050045,256709751.07958603,837.2359516537533,646521
VT,NIMH,8310901.539886432,19111901.441914406,62.33176154914825,646521
VT,NIMHD,210361.94658970425,483752.1863370108,1.577714599422782,646521
VT,NINDS,4352437.766506761,10008945.62717681,32.643283248800714,646521
VT,NINR,55440.54190812775,127492.08587651514,0.41580406431095807,646521
VT,NLM,319643.86207533325,735058.8812991919,2.397328965564999,646521
VT,OD,8153952.412906921,18750978.354108475,61.154643096801905,646521
WA,FIC,2926914.931396062,7074786.07161779,22.829936464889293,7927958
WA,NCATS,20632301.90658174,49871323.75742608,160.9319548713375,7927958
WA,NCCIH,6902434.4324793825,16684204.40216483,53.838988573339186,7927958
WA,NCI,177266633.6330652,428479658.61160105,1382.6797423379082,7927958
WA,NEI,20161349.30332084,48732961.69496836,157.25852456590255,7927958
WA,NHGRI,29979198.75220385,72464155.1741952,233.83775026719002,7927958
WA,NHLBI,91784814.41073535,221857464.87321615,715.9215524037357,7927958
WA,NIA,93043710.85269614,224900403.67463383,725.7409446510302,7927958
WA,NIAAA,13403704.746029735,32398735.8252526,104.54889701903194,7927958
WA,NIAID,551359901.055594,1332718387.7449145,4300.6072282336345,7927958
WA,NIAMS,15466402.548122484,37384581.33913021,120.63793987535539,7927958
WA,NIBIB,7087981.553011296,17132699.221705705,55.28625611348811,7927958
WA,NICHD,45521593.05443408,110032419.8167765,355.06842582458586,7927958
WA,NIDA,46595533.60473591,112628292.88623974,363.44516211693997,7927958
WA,NIDCD,9643259.900327448,23309184.730997927,75.21742722255411,7927958
WA,NIDCR,9811561.67063999,23715994.989698492,76.53018103099193,7927958
WA,NIDDK,53332833.31341658,128913342.24930875,415.9960998446492,7927958
WA,NIEHS,13431164.82502321,32465110.895571396,104.76308563518099,7927958
WA,NIGMS,69487377.56575917,167961263.81472754,542.0015450129216,7927958
WA,NIH_tot,1489462978.0028658,3600252203.414347,11617.811228422355,7927958
WA,NIMH,78797794.00515199,190465916.69678435,614.622793240185,7927958
WA,NIMHD,6042634.893664504,14605941.813682457,47.132552170583146,7927958
WA,NINDS,41683818.27163617,100755950.83296695,325.1337825187621,7927958
WA,NINR,7925587.9283771375,19157317.65334219,61.81958584134168,7927958
WA,NLM,3682161.219323199,8900327.996718895,28.720857510720954,7927958
WA,OD,73492309.62514034,177641776.6467048,573.2400150760948,7927958
WI,FIC,140037.16651142726,331562.156991676,1.3163493652074154,5957168
WI,NCATS,17383141.98610288,41157588.34448085,163.40153466936704,5957168
WI,NCCIH,1708105.4127452427,4044234.320984749,16.05619087980528,5957168
WI,NCI,85700509.76616028,202910745.6343428,805.5847918019073,5957168
WI,NEI,15035681.040501123,35599569.47015632,141.33540178071058,5957168
WI,NHGRI,2987393.531792087,7073169.701010331,28.081499198845606,5957168
WI,NHLBI,76838698.42161724,181928878.05270872,722.283765163202,5957168
WI,NIA,84611813.76462539,200333069.98173186,795.3510493874794,5957168
WI,NIAAA,3324995.8838230637,7872501.527220341,31.254961307936817,5957168
WI,NIAID,67967537.91795759,160924874.72354442,638.8948564288014,5957168
WI,NIAMS,5118675.651031848,12119347.899390707,48.11555111969936,5957168
WI,NIBIB,6921075.703521845,16386841.051765554,65.05811161310534,5957168
WI,NICHD,21842024.91778074,51714763.124790594,205.31503422713897,5957168
WI,NIDA,13019973.796318937,30827034.73245684,122.38775368539801,5957168
WI,NIDCD,10813967.241888927,25603933.53906824,101.65129207375585,5957168
WI,NIDCR,2773171.136941678,6565961.214278147,26.067808687251755,5957168
WI,NIDDK,28587397.783283852,67685597.38768491,268.72153916286834,5957168
WI,NIEHS,5857690.200594999,13869092.37227245,55.06228788559301,5957168
WI,NIGMS,65152551.86202483,154259909.47283435,612.4339875030334,5957168
WI,NIH_tot,637658602.1994458,1509766777.181205,5993.99086067479,5957168
WI,NIMH,19914534.151177596,47151096.12068616,187.19662102106943,5957168
WI,NIMHD,2955685.885775152,6998096.37748914,27.783447326286435,5957168
WI,NINDS,29235973.9269441,69221213.32824156,274.81815491327467,5957168
WI,NINR,1443383.923745683,3417460.514564008,13.567808883209414,5957168
WI,NLM,1335553.5446451104,3162153.4844771135,12.554203319664028,5957168
WI,OD,66989027.58193394,158608082.6480336,629.6968592701788,5957168
WV,FIC,19474.68279376332,54397.47380762917,0.1499550575119776,1767402
WV,NCATS,285262.07109681447,796805.5862644624,2.196517947445473,1767402
WV,NCCIH,115260.93580245008,321951.5204819928,0.8875092056788657,1767402
WV,NCI,2969504.722947071,8294541.025329291,22.86518636669244,1767402
WV,NEI,3080315.2110435665,8604061.374783719,23.718427125035447,1767402
WV,NHGRI,82524.78784458959,230511.58433727315,0.63544086640334,1767402
WV,NHLBI,3331866.1157926233,9306703.563993316,25.65536909160319,1767402
WV,NIA,4918920.308074007,13739727.699491013,37.87568637216985,1767402
WV,NIAAA,734898.9751971841,2052749.6225686755,5.658722109018318,1767402
WV,NIAID,4971780.143454264,13887377.935493521,38.28270710459784,1767402
WV,NIAMS,881071.0991229359,2461043.5273712226,6.78424746324661,1767402
WV,NIBIB,889203.1803386123,2483758.3864329034,6.846864488607315,1767402
WV,NICHD,1221339.2145164518,3411494.227426669,9.404311951776673,1767402
WV,NIDA,2888091.1895489823,8067133.441980759,22.23830215952717,1767402
WV,NIDCD,397032.35569035105,1109006.8782205626,3.0571491388157033,1767402
WV,NIDCR,235613.48374829156,658125.138501689,1.8142238248618454,1767402
WV,NIDDK,1426042.8486317764,3983280.7203332945,10.980529934464688,1767402
WV,NIEHS,1515139.9270943536,4232150.293374885,11.666577438626529,1767402
WV,NIGMS,21963966.825366713,61350642.92174997,169.1225445553237,1767402
WV,NIH_tot,60822986.080189586,169893231.4963546,468.3369928174598,1767402
WV,NIMH,1799946.8606379377,5027684.570966805,13.859590826912122,1767402
WV,NIMHD,283347.858047284,791458.7287404261,2.1817785069640876,1767402
WV,NINDS,2262157.456707956,6318749.953627595,17.418612416651264,1767402
WV,NINR,180423.7661374833,503966.9809605648,1.3892629992586216,1767402
WV,NLM,77333.85359364792,216012.05626058707,0.5954706726710888,1767402
WV,OD,4292468.2069604695,11989896.28385578,33.05200519359561,1767402
WY,FIC,517.5283690358273,2021.0375101140492,0.004036721278479452,586722
WY,NCATS,36092.20371995386,140946.27832016462,0.28151918901564,586722
WY,NCCIH,23061.79422520901,90060.28262085929,0.17988199495663026,586722
WY,NCI,202788.59937074798,791924.4440943862,1.5817510750918338,586722
WY,NEI,27479.041433224535,107310.39456250618,0.21433652317915136,586722
WY,NHGRI,14776.154070268574,57703.42925716951,0.11525400174809489,586722
WY,NHLBI,368893.2167106524,1440591.6135338405,2.8773670903430886,586722
WY,NIA,2523383.968459022,9854249.463033933,19.682394953980356,586722
WY,NIAAA,20929.961210995014,81735.10714293741,0.1632536974457611,586722
WY,NIAID,759999.7367927068,2967930.0066128983,5.927997946983113,586722
WY,NIAMS,32452.43757119355,126732.36396336794,0.25312901305530966,586722
WY,NIBIB,114566.4572300527,447401.76832080923,0.8936183663944108,586722
WY,NICHD,455640.1817170513,1779353.4682571061,3.5539934173930003,586722
WY,NIDA,152985.53171234266,597434.8781525105,1.1932871473562727,586722
WY,NIDCD,63867.917940917745,249415.23126927356,0.49816975993915835,586722
WY,NIDCR,67461.91709496012,263450.4176208357,0.526202953340689,586722
WY,NIDDK,406622.4589065435,1587930.8093505534,3.1716551794710393,586722
WY,NIEHS,69708.397062107,272223.30921667645,0.5437254970844345,586722
WY,NIGMS,8535840.648243308,33333929.428053606,66.57955705629779,586722
WY,NIH_tot,14949642.263351373,58380930.56291529,116.60720965414069,586722
WY,NIMH,147122.939974613,574540.4466249971,1.1475589318019817,586722
WY,NIMHD,67489.35380120395,263557.5626891843,0.526416959649391,586722
WY,NINDS,368533.25574472256,1439185.9038996487,2.8745593948088333,586722
WY,NINR,7618.528205850641,29751.666183192585,0.059424520005635,586722
WY,NLM,7668.778449747082,29947.90204944335,0.05981647190802723,586722
WY,OD,474141.25533494516,1851603.3505752594,3.6983017916125727,586722
