"state","org_name","terminated_loss","terminated_loss_noself","terminated_econ_loss","terminated_job_loss","terminated_econ_loss_noself","terminated_job_loss_noself","IDC_loss","IDC_econ_loss","IDC_job_loss","overlap_loss","overlap_econ_loss","overlap_job_loss","overlap_loss_noself","overlap_econ_loss_noself","overlap_job_loss_noself","combined_loss","combined_econ_loss","combined_job_loss"
"Alabama","University of Alabama at Birmingham",17889580.9494643,17889580.9494643,45797327.2306287,197.455336146757,45797327.2306287,197.455336146757,43854500.0996807,112267520.255183,484.041805293919,889746.217405481,2277750.31655803,9.82052843716078,889746.217405481,2277750.31655803,9.82052843716078,60854334.8317396,155787097.169253,671.676613003515
"Alabama","Auburn University at Auburn",982014.288243012,982014.288243012,2513956.57790211,10.8389325570954,2513956.57790211,10.8389325570954,1567181.44576858,4011984.50116756,17.2976851750382,58929.9286026251,150860.61722272,0.650436077525008,58929.9286026251,150860.61722272,0.650436077525008,2490265.80540896,6375080.46184695,27.4861816546085
"Alabama","University of Alabama",224510.10720629,224510.10720629,574745.874448103,2.47801884303443,574745.874448103,2.47801884303443,1314407.15050813,3364882.30530081,14.5077017997481,0,0,0,0,0,0,1538917.25771442,3939628.17974891,16.9857206427825
"Alabama","Emory University",186711.907622885,186711.907622885,477982.483514587,2.06082314540648,477982.483514587,2.06082314540648,487376.222125051,1247683.12864013,5.37939016243529,11816.1052636722,30249.2294750008,0.130419658424347,11816.1052636722,30249.2294750008,0.130419658424347,662272.024484264,1695416.38267972,7.30979364941742
"Alabama","Alabama State University",321964.905170057,321964.905170057,824230.157235347,3.55367119874967,824230.157235347,3.55367119874967,17321.4077134676,44342.8037464771,0.191184153069845,0,0,0,0,0,0,339286.312883525,868572.960981824,3.74485535181952
"Alaska","University of Washington",4434.37768408397,4373.89949130717,11352.006871255,0.0489442172338136,11197.1826977464,0.0482766922695327,37835.4963694177,96858.8707057093,0.417607358998896,462.599710818977,1184.25525969658,0.00510592068417838,462.599710818977,1184.25525969658,0.00510592068417838,41807.2743426827,107026.622317268,0.461445655548531
"Alaska","Fred Hutchinson Cancer Center",764.653047559594,764.653047559594,1957.51180175256,0.00843981896322967,1957.51180175256,0.00843981896322967,22144.3482827899,56689.5316039422,0.244417113306394,34.84644234572,89.2068924050433,0.000384615827856982,34.84644234572,89.2068924050433,0.000384615827856982,22874.1548880038,58557.8365132898,0.252472316441767
"Alaska","Harvard School of Public Health",10803.0672617032,10597.5463976523,27655.8521899601,0.119238303211316,27129.7187779899,0.11696987716987,316.389302523978,809.956614461382,0.00349213076927777,205.299626904608,525.567044875797,0.0022659841477431,201.326420938743,515.395637603183,0.00222213008979806,10914.1569373225,27940.2417595457,0.120464449832851
"Alaska","Harvard Medical School",8132.03461640558,8131.86238473494,20818.0086179983,0.0897569167928164,20817.5677049215,0.0897550157945473,671.069914195383,1717.93898034018,0.00740689990781433,450.708408010384,1153.81352450658,0.00497467103669215,450.708408010384,1153.81352450658,0.00497467103669215,8352.39612259058,21382.1340738319,0.0921891456639386
"Alaska","Seattle Children's Hospital",457.318496385237,457.318496385237,1170.73535074621,0.0050476295495664,1170.73535074621,0.0050476295495664,7842.05768307152,20075.6676686631,0.0865563111996487,35.9802648189455,92.1094779365004,0.000397130335503299,35.9802648189455,92.1094779365004,0.000397130335503299,8263.39591463781,21154.2935414728,0.0912068104137118
"Arizona","University of Arizona",7595942.68739644,6917341.90954189,19445613.2797349,83.8398295034558,17708395.2884272,76.3498080725887,26228440.7157077,67144808.2322117,289.495074968786,147563.125095119,377761.600243505,1.62872045750156,89565.1574724654,229286.803129512,0.988570851699709,33676820.278009,86212659.9117031,371.70618401474
"Arizona","Arizona State University-Tempe Campus",1101873.13806634,1101873.13806634,2820795.23344983,12.1618684910831,2820795.23344983,12.1618684910831,10677376.420877,27334083.637445,117.850996974462,190866.277770267,488617.671091882,2.10667679375333,190866.277770267,488617.671091882,2.10667679375333,11588383.281173,29666261.1998029,127.906188671792
"Arizona","Banner Health",3830125.03893561,3830125.03893561,9805120.09967516,42.2748095208896,9805120.09967516,42.2748095208896,4273848.85227288,10941053.0618186,47.1723884505657,0,0,0,0,0,0,8103973.89120849,20746173.1614937,89.4471979714553
"Arizona","Mayo Clinic Arizona",837124.666201193,837124.666201193,2143039.14547505,9.23972075301447,2143039.14547505,9.23972075301447,4681903.2878765,11985672.4169638,51.6762684450661,20179.9608665189,51660.6998182884,0.222735287516402,20179.9608665189,51660.6998182884,0.222735287516402,5498847.99321118,14077050.8626206,60.6932539105642
"Arizona","University of California, San Diego",111093.483804383,111093.483804383,284399.318539222,1.22618865418229,284399.318539222,1.22618865418229,422735.902049031,1082203.90924552,4.66592593064026,8115.48207054213,20775.6341005879,0.089574218913152,8115.48207054213,20775.6341005879,0.089574218913152,525713.903782872,1345827.59368415,5.8025403659094
"Arkansas","University of Arkansas for Medical Sciences",2260788.9765517,2260788.9765517,5787619.77997235,24.9533428749914,5787619.77997235,24.9533428749914,24148807.4189192,61820946.9924333,266.541228657945,384032.1821808,983122.386382848,4.23873559911155,384032.1821808,983122.386382848,4.23873559911155,26025564.2132901,66625444.3860228,287.255835933825
"Arkansas","University of Arkansas at Fayetteville",271054.661481697,271054.661481697,693899.933393146,2.99175198391757,693899.933393146,2.99175198391757,1637269.68783738,4191410.4008637,18.0712805676147,0,0,0,0,0,0,1908324.34931908,4885310.33425684,21.0630325515323
"Arkansas","St. Jude Children's Research Hospital",14284.9552249742,14284.9552249742,36569.4853759338,0.157669463793287,36569.4853759338,0.157669463793287,661184.955628999,1692633.48641024,7.29779518244173,2458.19021077835,6292.96693959257,0.0271321489169057,2458.19021077835,6292.96693959257,0.0271321489169057,673011.720643195,1722910.00484658,7.42833249731811
"Arkansas","Arkansas Cancer Coalition",540519.50055365,540519.50055365,1383729.92141734,5.96595638417644,1383729.92141734,5.96595638417644,0,0,0,0,0,0,0,0,0,540519.50055365,1383729.92141734,5.96595638417644
"Arkansas","University of Texas Southwestern Medical Center",12013.5423439303,12013.5423439303,30754.6684004615,0.132598860115003,30754.6684004615,0.132598860115003,86588.2249748213,221665.855935542,0.95571311128259,1284.8068852769,3289.10562630885,0.0141809903838811,1284.8068852769,3289.10562630885,0.0141809903838811,97316.9604334746,249131.418709695,1.07413098101371
"California","University of California, San Francisco",30696458.0688707,29805700.3083296,78582932.6563089,338.810588332152,76302592.7893238,328.97889503929,137698202.881894,352507399.377649,1519.83688235374,3139696.56393894,8037623.20368368,34.6542404868317,3092220.20005965,7916083.71215271,34.1302225450313,165254964.386826,423052708.830274,1823.99323019906
"California","University of California Los Angeles",13017471.7640222,13017471.7640222,33324727.7158968,143.679679820721,33324727.7158968,143.679679820721,141184435.751441,361432155.523688,1558.31599961684,1141619.89858134,2922546.94036822,12.6005713304846,1141619.89858134,2922546.94036822,12.6005713304846,153060287.616882,391834336.299217,1689.39510810708
"California","University of California, San Diego",28108062.8602175,28108062.8602175,71956640.9221568,310.241308400496,71956640.9221568,310.241308400496,106957554.135106,273811338.585872,1180.5385416708,2053320.07214239,5256499.38468452,22.6634154375706,2053320.07214239,5256499.38468452,22.6634154375706,133012296.923181,340511480.123344,1468.11643463372
"California","Stanford University",9557548.31158977,9557548.31158977,24467323.6776698,105.490951405451,24467323.6776698,105.490951405451,113001912.503275,289284896.008384,1247.2528384869,473350.411119421,1211777.05246572,5.22458098972907,473350.411119421,1211777.05246572,5.22458098972907,122086110.403745,312540442.633588,1347.51920890262
"California","University of California-Irvine",6394942.49420878,6394942.49420878,16371052.7851745,70.5838512036796,16371052.7851745,70.5838512036796,84827574.6466379,217158591.095393,936.280023197945,3236243.80090333,8284784.13031251,35.7198756843635,3236243.80090333,8284784.13031251,35.7198756843635,87986273.3399434,225244859.750255,971.143998717261
"Colorado","University of Colorado Denver",8972689.25429345,8972689.25429345,22970084.4909912,99.0355994280545,22970084.4909912,99.0355994280545,56124651.494388,143679107.825633,619.472974702394,763989.451916317,1955812.99690577,8.43249456020543,763989.451916317,1955812.99690577,8.43249456020543,64333351.2967652,164693379.319719,710.076079570243
"Colorado","Colorado State University",721237.962677941,721237.962677941,1846369.18445553,7.96062718096473,1846369.18445553,7.96062718096473,7634536.66855313,19544413.871496,84.26580859956,8569.24305729623,21937.2622266784,0.0945825826318392,8569.24305729623,21937.2622266784,0.0945825826318392,8347205.38817377,21368845.7937249,92.1318531978929
"Colorado","University of Colorado - Colorado Springs",2494226.66577992,2494226.66577992,6385220.26439661,27.5298994486803,6385220.26439661,27.5298994486803,0,0,0,0,0,0,0,0,0,2494226.66577992,6385220.26439661,27.5298994486803
"Colorado","University of Denver (Colorado Seminary)",980309.087378044,980309.087378044,2509591.26368779,10.8201114896293,2509591.26368779,10.8201114896293,1356700.56130894,3473153.43695088,14.9745131616273,0,0,0,0,0,0,2337009.64868698,5982744.70063868,25.7946246512565
"Colorado","Fort Lewis College",293339.516276738,293339.516276738,750949.161668451,3.23771993067757,750949.161668451,3.23771993067757,28635.4853682495,73306.8425427187,0.31606270739855,0,0,0,0,0,0,321975.001644988,824256.004211169,3.55378263807612
"Connecticut","Yale University",14673989.0444501,14636192.5561922,37565411.9537923,161.963404708621,37468652.943852,161.54622789966,134814251.857995,345124484.756468,1488.00542020472,2764021.45789065,7075894.93220008,30.5077456887546,2764021.45789065,7075894.93220008,30.5077456887546,146724219.444555,375614001.778061,1619.46107922458
"Connecticut","University of Connecticut School of Medicine",326908.073567299,326908.073567299,836884.668332285,3.6082311674971,836884.668332285,3.6082311674971,12757680.3088864,32659661.5907492,140.812244901659,0,0,0,0,0,0,13084588.3824537,33496546.2590815,144.420476069156
"Connecticut","University of Connecticut Storrs",1265412.38191086,1265412.38191086,3239455.6976918,13.9669245434146,3239455.6976918,13.9669245434146,6184674.08284015,15832765.6520708,68.2630243511601,169776.690303972,434628.327178167,1.8739015490946,169776.690303972,434628.327178167,1.8739015490946,7280309.77444703,18637593.0225844,80.3560473454802
"Connecticut","Columbia University",4764695.45106674,4418074.02645864,12197620.3547309,52.5900827182582,11310269.5077341,48.7642664453672,1440123.75374264,3686716.80958117,15.8952923878688,138399.866377908,354303.657927443,1.52758145735852,133027.661679489,340550.813899491,1.46828602234682,6066419.33843148,15530033.5063846,66.9577936487684
"Connecticut","Harvard School of Public Health",4055471.45004337,3978318.91767868,10382006.912111,44.7620590255282,10184496.4292574,43.9104918895692,118772.544167501,304057.713068803,1.31094589078687,77069.4799399899,197297.868646374,0.850650449062759,75577.9384204042,193479.522356235,0.834187635710194,4097174.51427088,10488766.7565335,45.2223544672523
"Delaware","University of Delaware",180408.084442107,180408.084442107,461844.696171793,1.99124501897152,461844.696171793,1.99124501897152,6974696.56848845,17855223.2153304,76.9828571917306,70540.7790981748,180584.394491328,0.77859024692813,70540.7790981748,180584.394491328,0.77859024692813,7084563.87383239,18136483.5170109,78.195511963774
"Delaware","Delaware State University",6076160.84505415,6076160.84505415,15554971.7633386,67.0653150306381,15554971.7633386,67.0653150306381,835321.936848214,2138424.15833143,9.21982321984253,7376.26764545986,18883.2451723772,0.0814151774464192,7376.26764545986,18883.2451723772,0.0814151774464192,6904106.5142569,17674512.6764977,76.2037230730342
"Delaware","University of Pennsylvania",195406.695695022,195406.695695022,500241.140979256,2.1567914247283,500241.140979256,2.1567914247283,1883281.31484183,4821200.16599509,20.7866213373843,17105.3308236197,43789.6469084665,0.188799215432737,17105.3308236197,43789.6469084665,0.188799215432737,2061582.67971323,5277651.66006588,22.7546135466799
"Delaware","Johns Hopkins University",87463.833414823,87463.833414823,223907.413541947,0.965377594723643,223907.413541947,0.965377594723643,765657.235866652,1960082.52381863,8.45090264038706,5996.85288551638,15351.9433869219,0.0661899574773292,5996.85288551638,15351.9433869219,0.0661899574773292,847124.216395959,2168637.99397365,9.35009027763338
"Delaware","Children's Hospital of Philadelphia",27820.9495438507,27820.9495438507,71221.6308322579,0.307072309833366,71221.6308322579,0.307072309833366,449865.093310989,1151654.63887613,4.96536299376387,2014.92901001088,5158.21826562785,0.0222396760498441,2014.92901001088,5158.21826562785,0.0222396760498441,475671.113844829,1217718.05144276,5.25019562754739
"District of Columbia","Children's Research Institute",458578.13040625,458578.13040625,1173960.01384,5.06153269574649,1173960.01384,5.06153269574649,5190316.3335411,13287209.8138652,57.2878514730132,61313.3847690586,156962.26500879,0.676743353243968,61313.3847690586,156962.26500879,0.676743353243968,5587581.07917829,14304207.5626964,61.6726408155157
"District of Columbia","George Washington University",1155049.5204892,1155049.5204892,2956926.77245236,12.7488000964704,2956926.77245236,12.7488000964704,3371012.94120338,8629793.12948064,37.2073831880511,136158.037147728,348564.575098183,1.50283738171587,136158.037147728,348564.575098183,1.50283738171587,4389904.42454485,11238155.3268348,48.4533459028056
"District of Columbia","Georgetown University",235513.324996233,235513.324996233,602914.111990356,2.59946629747992,602914.111990356,2.59946629747992,2623283.85889708,6715606.67877653,28.9543616270337,0,0,0,0,0,0,2858797.18389332,7318520.79076689,31.5538279245137
"District of Columbia","Johns Hopkins University",118279.150250847,118279.150250847,302794.624642169,1.30550008062839,302794.624642169,1.30550008062839,1035414.11010659,2650660.12187287,11.428330363899,8109.66814264979,20760.7504451835,0.0895100479809452,8109.66814264979,20760.7504451835,0.0895100479809452,1145583.59221479,2932693.99606986,12.6443203965464
"District of Columbia","Howard University",735965.803107529,735965.803107529,1884072.45595527,8.12318496758674,1884072.45595527,8.12318496758674,360872.672441913,923834.041451296,3.98311369307562,0,0,0,0,0,0,1096838.47554944,2807906.49740657,12.1062986606624
"Florida","University of Florida",4930478.71054238,4930478.71054238,12622025.4989885,54.4199069785211,12622025.4989885,54.4199069785211,48482073.7562685,124114108.816047,535.118413208135,394540.255469977,1010023.05400314,4.35471792141582,394540.255469977,1010023.05400314,4.35471792141582,53018012.2113409,135726111.261033,585.18360226524
"Florida","University of Miami",7017151.85270988,7017151.85270988,17963908.7429373,77.4514552232233,17963908.7429373,77.4514552232233,25144661.9932316,64370334.7026729,277.532922665736,490060.65794421,1254555.28433718,5.40901948570082,490060.65794421,1254555.28433718,5.40901948570082,31671753.1879973,81079688.161273,349.575358403259
"Florida","Florida International University",15273237.020625,15273237.020625,39099486.7728,168.577573643328,39099486.7728,168.577573643328,5624222.34134306,14398009.1938382,62.0770668754678,881612.164972636,2256927.14232995,9.73074924882206,881612.164972636,2256927.14232995,9.73074924882206,20015847.1969954,51240568.8243083,220.923891269974
"Florida","Florida State University",9301926.83547025,9301926.83547025,23812932.6988038,102.669542416828,23812932.6988038,102.669542416828,8354343.80812112,21387120.1487901,92.2106431435178,1327614.68563971,3398693.59523765,14.6534792942821,1327614.68563971,3398693.59523765,14.6534792942821,16328655.9579517,41801359.2523563,180.226706266064
"Florida","Moffitt Cancer Center",29245.3779293324,29245.3779293324,74868.1674990909,0.322794365395583,74868.1674990909,0.322794365395583,14099214.4232873,36093988.9236155,155.619359180057,0,0,0,0,0,0,14128459.8012166,36168857.0911146,155.942153545452
"Georgia","Emory University",30480872.9721651,30480872.9721651,78031034.8087427,336.431078836738,78031034.8087427,336.431078836738,79564570.3875104,203685300.192027,878.189882458289,1928988.93355625,4938211.66990401,21.2911168447536,1928988.93355625,4938211.66990401,21.2911168447536,108116454.426119,276778123.330865,1193.32984445027
"Georgia","Augusta University",3297822.70927476,3297822.70927476,8442426.13574339,36.3995497408089,8442426.13574339,36.3995497408089,14059205.666619,35991566.5065446,155.177764571493,0,0,0,0,0,0,17357028.3758937,44433992.642288,191.577314312302
"Georgia","University of Georgia",3644619.72367073,3644619.72367073,9330226.49259707,40.2273040770165,9330226.49259707,40.2273040770165,10395975.1043691,26613696.267185,114.745044314075,107629.656805459,275531.921421976,1.18795684057196,107629.656805459,275531.921421976,1.18795684057196,13932965.1712344,35668390.8383601,153.78439155052
"Georgia","Georgia Institute of Technology",302239.979721358,302239.979721358,773734.348086677,3.33595834141976,773734.348086677,3.33595834141976,7410967.40464553,18972076.5558926,81.798174266388,8090.97896016385,20712.9061380194,0.0893037670836736,8090.97896016385,20712.9061380194,0.0893037670836736,7705116.40540673,19725097.9978412,85.0448288407241
"Georgia","Morehouse School of Medicine",4316507.25960824,4316507.25960824,11050258.5845971,47.6432284430554,11050258.5845971,47.6432284430554,2995880.90750661,7669455.12321691,33.0668825233203,316422.789737461,810042.341727901,3.49250038268648,316422.789737461,810042.341727901,3.49250038268648,6995965.37737739,17909671.3660861,77.2176105836892
"Hawaii","University of Hawaii at Manoa",10915576.1538509,10915576.1538509,27943874.9538582,120.480114362806,27943874.9538582,120.480114362806,10796294.7687958,27638514.6081174,119.163552166709,40390.1134015892,103398.690308068,0.445803814032615,40390.1134015892,103398.690308068,0.445803814032615,21671480.8092451,55478990.8716675,239.197862715482
"Hawaii","Queen's Medical Center",623182.836256112,623182.836256112,1595348.06081565,6.87834873055114,1595348.06081565,6.87834873055114,146590.244391809,375271.025643032,1.61798233642173,0,0,0,0,0,0,769773.080647922,1970619.08645868,8.49633106697286
"Hawaii","University of California, San Francisco",10016.1727490129,9725.52085728373,25641.4022374731,0.110552995212532,24897.3333946464,0.107344939800546,44930.5579229787,115022.228282826,0.49591873856658,1024.47465089746,2622.65510629749,0.0113075866415331,1008.98323944396,2582.99709297654,0.0111366009787287,53922.2560210942,138040.975414001,0.595164147137579
"Hawaii","Columbia University",19740.7344488641,18304.6381510527,50536.2801890921,0.217887348361898,46859.873666695,0.202036508813197,5966.61442228591,15274.5329210519,0.0658562019836371,573.408109286999,1467.92475977472,0.00632896272351929,551.150387372646,1410.94499167397,0.00608329425454427,25133.940761863,64342.8883503693,0.277414587622016
"Hawaii","Harvard School of Public Health",19445.5210710657,19075.5835157742,49780.5339419282,0.21462894578037,48833.4938003819,0.210545778905766,569.50074454316,1457.92190603049,0.00628583538469999,369.539328428294,946.020680776434,0.00407877146593757,362.387557689738,927.712147685728,0.00399983416163652,19645.4824871806,50292.4351671823,0.216836009699132
"Idaho","University of Idaho",224022.354004264,224022.354004264,573497.226250915,2.47263529197558,573497.226250915,2.47263529197558,1572125.33543368,4024640.85871022,17.3522531047428,0,0,0,0,0,0,1796147.68943795,4598138.08496114,19.8248883967184
"Idaho","Washington State University",396543.646734625,396543.646734625,1015151.73564064,4.37683025019043,1015151.73564064,4.37683025019043,433842.574133397,1110636.9897815,4.78851525657727,0,0,0,0,0,0,830386.220868022,2125788.72542214,9.1653455067677
"Idaho","University of Utah",25770.1169302658,25770.1169302658,65971.4993414803,0.284436349592594,65971.4993414803,0.284436349592594,642201.489488402,1644035.81309031,7.08826614436025,511.020342554204,1308.21207693876,0.00564036093421698,511.020342554204,1308.21207693876,0.00564036093421698,667460.586076113,1708699.10035485,7.36706213301863
"Idaho","University of Washington",19279.1498530682,19016.2114602534,49354.6236238546,0.212792631957948,48681.5013382488,0.20989046287496,164495.732262351,421109.074591619,1.81561324439754,2011.22452399032,5148.73478141522,0.0221987879745724,2011.22452399032,5148.73478141522,0.0221987879745724,181763.657591429,465314.963434058,2.00620708838092
"Idaho","Fred Hutchinson Cancer Center",3324.44860130402,3324.44860130402,8510.58841933828,0.036693431664354,8510.58841933828,0.036693431664354,96276.0142138484,246466.596387452,1.0626415902735,151.500352854634,387.840903307864,0.00167217740783133,151.500352854634,387.840903307864,0.00167217740783133,99448.9624622978,254589.343903482,1.09766284453003
"Illinois","University of Chicago",12333344.2128807,12333344.2128807,31573361.1849746,136.12865691194,31573361.1849746,136.12865691194,45503698.4949064,116489468.14696,502.244748360158,750545.812733414,1921397.28059754,8.28411107926228,750545.812733414,1921397.28059754,8.28411107926228,57086496.8950537,146141432.051337,630.089294192836
"Illinois","Northwestern University",38199342.1770262,38075690.9972686,97790315.9731871,421.623288519541,97473768.9530076,420.25849493757,8914018.62958948,22819887.6917491,98.3880254040687,0,0,0,0,0,0,47113360.8066157,120610203.664936,520.01131392361
"Illinois","University of Illinois at Chicago",4132200.52358312,4132200.52358312,10578433.3403728,45.6089522563321,10578433.3403728,45.6089522563321,35429623.4340267,90699835.9911083,391.052659337346,216147.174303722,553336.766217528,2.38571339819958,216147.174303722,553336.766217528,2.38571339819958,39345676.7833061,100724932.565264,434.275898195478
"Illinois","Washington University",1670499.75872745,1555942.38893042,4276479.38234227,18.4380557780746,3983212.51566189,17.1736346591418,12363868.8886982,31651504.3550674,136.465571462446,62977.0033395373,161221.128549216,0.695105458258154,62977.0033395373,161221.128549216,0.695105458258154,13971391.6440861,35766762.6088605,154.208521782262
"Illinois","University of Illinois at Urbana-Champaign",51613.5466630034,51613.5466630034,132130.679457289,0.569681885498542,132130.679457289,0.569681885498542,13804952.8618701,35340679.3263874,152.371462223228,0,0,0,0,0,0,13856566.4085331,35472810.0058447,152.941144108727
"Indiana","Indiana University Indianapolis",4858128.79558495,4858128.79558495,12436809.7166975,53.6213484869352,12436809.7166975,53.6213484869352,45455125.2175119,116365120.55683,501.708623291451,325669.787302203,833714.655493641,3.59456364608276,325669.787302203,833714.655493641,3.59456364608276,49987584.2257946,127968215.618034,551.735408132303
"Indiana","Purdue University",292166.115864138,292166.115864138,747945.256612193,3.22476858354655,747945.256612193,3.22476858354655,12212608.9769358,31264278.9809557,134.796047910891,26060.5468936317,66715.0000476971,0.287641955481603,26060.5468936317,66715.0000476971,0.287641955481603,12478714.5459063,31945509.2375202,137.733174538956
"Indiana","Indiana University",33052.2718294185,33052.2718294185,84613.8158833114,0.364812762407787,84613.8158833114,0.364812762407787,8703929.24599749,22282058.8697536,96.0691745614914,0,0,0,0,0,0,8736981.51782691,22366672.6856369,96.4339873238992
"Indiana","University of Notre Dame",652989.777296112,652989.777296112,1671653.82987805,7.20734132010287,1671653.82987805,7.20734132010287,4259899.62736239,10905343.0460477,47.0184245929734,193658.993130479,495767.022414027,2.13750124692363,193658.993130479,495767.022414027,2.13750124692363,4719230.41152802,12081229.8535117,52.0882646661527
"Indiana","University of Chicago",504200.569070789,504200.569070789,1290753.45682122,5.56508803266516,1290753.45682122,5.56508803266516,1860240.84627397,4762216.56646137,20.5323133421945,30683.1317898892,78548.8173821163,0.338663500208439,30683.1317898892,78548.8173821163,0.338663500208439,2333758.28355487,5974421.20590048,25.7587378746512
"Iowa","University of Iowa",674986.98649465,674986.98649465,1727966.6854263,7.45013439328091,1727966.6854263,7.45013439328091,63784533.5552266,163288405.90138,704.018531774969,185493.013037811,474862.113376796,2.04736965867008,185493.013037811,474862.113376796,2.04736965867008,64274027.5286834,164541510.47343,709.42129650958
"Iowa","University of Nebraska Medical Center",86467.7311307917,86467.7311307917,221357.391694827,0.954383166632479,221357.391694827,0.954383166632479,1022442.68519627,2617453.27410244,11.2851589238744,3874.16574664835,9917.86431141977,0.0427609065832034,3874.16574664835,9917.86431141977,0.0427609065832034,1105036.25058041,2828892.80148585,12.1967811839237
"Iowa","Mayo Clinic Rochester",0,0,0,0,0,0,985610.955212877,2523164.04534497,10.8786305851011,502.191190022731,1285.60944645819,0.00554290961403695,502.191190022731,1285.60944645819,0.00554290961403695,985108.764022854,2521878.43589851,10.873087675487
"Iowa","Father Flanagan's Boys' Home",8570.68623088677,8570.68623088677,21940.9567510701,0.094598511586645,21940.9567510701,0.094598511586645,186346.816555986,477047.850383324,2.0567934714,12132.64106851,31059.5611353855,0.133913406205432,12132.64106851,31059.5611353855,0.133913406205432,182784.861718363,467929.245999008,2.01747857678122
"Iowa","University of Wisconsin-Madison",8607.31384982899,8554.45149603659,22034.7234555622,0.0950027870602249,21899.3958298537,0.0944193215298095,140064.708638198,358565.654113787,1.54595706878651,941.902227826818,2411.26970323665,0.0103961977386895,941.902227826818,2411.26970323665,0.0103961977386895,147730.1202602,378189.107866113,1.63056365810805
"Kansas","University of Kansas Medical Center",289573.683986953,289573.683986953,741308.6310066,3.19615474909212,741308.6310066,3.19615474909212,13232197.8624799,33874426.5279486,146.049708166842,29853.7552725158,76425.6134976404,0.32950929925243,29853.7552725158,76425.6134976404,0.32950929925243,13491917.7911944,34539309.5454575,148.916353616682
"Kansas","University of Kansas Lawrence",302222.86831928,302222.86831928,773690.542897358,3.33576947519317,773690.542897358,3.33576947519317,3578131.18604529,9160015.83627595,39.4934402384043,0,0,0,0,0,0,3880354.05436457,9933706.37917331,42.8292097135975
"Kansas","University of Missouri Kansas City",137616.399875147,137616.399875147,352297.983680378,1.51893398584428,352297.983680378,1.51893398584428,359082.13393276,919250.262867865,3.96335071571985,0,0,0,0,0,0,496698.533807907,1271548.24654824,5.48228470156413
"Kansas","Washington University",59087.7841511024,55035.7385856237,151264.727426822,0.652178400079979,140891.490779197,0.607454154080381,437326.382330309,1119555.53876559,4.82696761163999,2227.57983673373,5702.60438203836,0.0245867986901709,2227.57983673373,5702.60438203836,0.0245867986901709,494186.586644678,1265117.66181038,5.4545592130298
"Kansas","University of Missouri-Columbia",25606.7543736363,25606.7543736363,65553.2911965089,0.282633243716376,65553.2911965089,0.282633243716376,57666.1398766082,147625.318084117,0.636487074000607,355.917124369874,911.147838386878,0.00392841708429983,355.917124369874,911.147838386878,0.00392841708429983,82916.9771258747,212267.461442239,0.915191900632683
"Kentucky","University of Kentucky",3038961.44935464,3038961.44935464,7779741.31034787,33.5423818039361,7779741.31034787,33.5423818039361,27182540.3247061,69587303.2312476,300.025900679262,417068.162736917,1067694.49660651,4.60336854742223,417068.162736917,1067694.49660651,4.60336854742223,29804433.6113238,76299350.0449889,328.964913935776
"Kentucky","University of Louisville",2680510.08254917,2680510.08254917,6862105.81132586,29.5859931481717,6862105.81132586,29.5859931481717,12682147.8090477,32466298.3911621,139.978558791973,99259.6319413028,254104.657769735,1.09557311857325,99259.6319413028,254104.657769735,1.09557311857325,15263398.2596555,39074299.5447182,168.468978821572
"Kentucky","Cincinnati Children's Hospital Medical Center",44198.1936383769,44198.1936383769,113147.375714245,0.487835305175579,113147.375714245,0.487835305175579,2500568.2660519,6401454.76109287,27.5998945378301,1688.23397460734,4321.8789749948,0.0186337962802001,1688.23397460734,4321.8789749948,0.0186337962802001,2543078.22571567,6510280.25783212,28.0690960467255
"Kentucky","University of Cincinnati",297362.128823071,297362.128823071,761247.049787062,3.28211931123142,761247.049787062,3.28211931123142,1292303.54911925,3308297.08574528,14.2637344282024,23547.5215446044,60281.6551541872,0.259904566526589,23547.5215446044,60281.6551541872,0.259904566526589,1566118.15639772,4009262.48037816,17.2859491729072
"Kentucky","Indiana University",2736.96437665727,2736.96437665727,7006.62880424261,0.0302091045363889,7006.62880424261,0.0302091045363889,720747.560294394,1845113.75435365,7.95521438970014,0,0,0,0,0,0,723484.524671051,1852120.38315789,7.98542349423653
"Louisiana","Tulane University of Louisiana",3903893.92995218,3903893.92995218,9993968.46067758,43.0890298882642,9993968.46067758,43.0890298882642,15692352.0269935,40172421.1891034,173.203534122806,120002.041619706,307205.226546448,1.32451640612776,120002.041619706,307205.226546448,1.32451640612776,19476243.915326,49859184.4232345,214.968047604942
"Louisiana","LSU Pennington Biomedical Research Center",71473.7121045671,71473.7121045671,182972.702987692,0.788887447343275,182972.702987692,0.788887447343275,3468797.06133329,8880120.47701322,38.2866704203574,0,0,0,0,0,0,3540270.77343785,9063093.18000091,39.0755578677007
"Louisiana","LSU Health Scienes Center",406911.866099627,406911.866099627,1041694.37721505,4.49126894194868,1041694.37721505,4.49126894194868,2904533.27050037,7435605.17248094,32.0586376447941,90776.865279252,232388.775114885,1.00194501473777,90776.865279252,232388.775114885,1.00194501473777,3220668.27132074,8244910.7745811,35.547961572005
"Louisiana","Louisiana State University A&M College Baton Rouge",370818.040354514,370818.040354514,949294.183307556,4.09288518352212,949294.183307556,4.09288518352212,2712151.02957462,6943106.63571103,29.9352284851292,174266.523850663,446122.301057698,1.92345785757993,174266.523850663,446122.301057698,1.92345785757993,2908702.54607847,7446278.51796089,32.1046558110713
"Louisiana","Xavier University of Louisiana",407199.013603511,407199.013603511,1042429.47482499,4.49443831785878,1042429.47482499,4.49443831785878,1428551.18101184,3657091.0233903,15.7675607073392,0,0,0,0,0,0,1835750.19461535,4699520.49821529,20.261999025198
"Maine","Jackson Laboratory",856092.775981188,856092.775981188,2191597.50651184,9.44908029605003,2191597.50651184,9.44908029605003,20376922.7255799,52164922.1774846,224.909243977363,35992.4077773957,92140.5639101329,0.397264362787078,35992.4077773957,92140.5639101329,0.397264362787078,21197023.0937837,54264379.1200863,233.961059910626
"Maine","Mainehealth",4790524.7233045,4790524.7233045,12263743.2916595,52.8751719915363,12263743.2916595,52.8751719915363,3535580.31128227,9051085.59688261,39.0237871311904,0,0,0,0,0,0,8326105.03458678,21314828.8885421,91.8989591227267
"Maine","Harvard School of Public Health",1806272.84615677,1771909.75768747,4624058.48616133,19.9366442969321,4536088.97967992,19.5573634628022,52900.291382009,135424.745937943,0.583884264623243,34326.0976184505,87874.8099032332,0.378872549502646,33661.7775809579,86174.1506072521,0.371540151014236,1824847.03992033,4671608.42219604,20.1416560120527
"Maine","Harvard Medical School",1359676.18786301,1359647.39072768,3480771.04092931,15.0073564877589,3480697.32026287,15.0070386408483,112202.889653468,287239.397512878,1.23843366458656,75358.4458193361,192917.621297501,0.831764997334927,75358.4458193361,192917.621297501,0.831764997334927,1396520.63169714,3575092.81714469,15.4140251550105
"Maine","Mount Desert Island Biological Lab",110032.543742878,110032.543742878,281683.311981768,1.21447858243338,281683.311981768,1.21447858243338,919507.243671936,2353938.54380016,10.1490142447443,0,0,0,0,0,0,1029539.78741481,2635621.85578192,11.3634928271777
"Maryland","Johns Hopkins University",16476553.1880832,16476553.1880832,42179976.161493,181.859114390843,42179976.161493,181.859114390843,144235527.738253,369242951.009928,1591.99227160849,1129695.11707425,2892019.49971007,12.4689521635734,1129695.11707425,2892019.49971007,12.4689521635734,159582385.809262,408530907.671711,1761.38243383575
"Maryland","University of Maryland Baltimore",14231761.4697853,14231761.4697853,36433309.3626505,157.082340436882,36433309.3626505,157.082340436882,29062133.8819533,74399062.7378004,320.771818580522,898872.97512776,2301114.81632706,9.92126455943628,898872.97512776,2301114.81632706,9.92126455943628,42395022.3766109,108531257.284124,467.932894457968
"Maryland","University of Maryland, College Park",2918548.59664217,2918548.59664217,7471484.40740395,32.2133310913512,7471484.40740395,32.2133310913512,7585565.88691636,19419048.6705059,83.7252960980781,223918.930305495,573232.461582066,2.47149375818205,223918.930305495,573232.461582066,2.47149375818205,10280195.553253,26317300.6163278,113.467133431247
"Maryland","Westat, Inc.",8508845.25792932,8508845.25792932,21782643.8602991,93.9159450057145,21782643.8602991,93.9159450057145,638484.714972128,1634520.87032865,7.04724243544467,192550.445292259,492929.139948184,2.12526570677046,192550.445292259,492929.139948184,2.12526570677046,8954779.52760919,22924235.5906795,98.8379217343887
"Maryland","Children's Research Institute",571314.46987537,571314.46987537,1462565.04288095,6.30585428543115,1462565.04288095,6.30585428543115,6466297.95004741,16553722.7521214,71.3714334035268,76386.5993447339,195549.694322519,0.843113189365885,76386.5993447339,195549.694322519,0.843113189365885,6961225.82057805,17820738.1006798,76.834174499592
"Massachusetts","Harvard School of Public Health",548619726.898155,538182616.994456,1404466500.85928,6055.36221879253,1377747499.50581,5940.16315123152,16067419.4225869,41132593.7218225,177.343321347771,10425874.6628355,26690239.136859,115.075059163741,10224100.5630269,26173697.4413487,112.847987841278,554261271.657907,1418908855.44424,6117.63048097656
"Massachusetts","Harvard Medical School",412974806.349156,412966059.787664,1057215504.25384,4558.18833533135,1057193113.05642,4558.09179560555,34079413.2015241,87243297.7959016,376.14978284847,22888640.5798769,58594919.8844849,252.632201526063,22888640.5798769,58594919.8844849,252.632201526063,424165578.970803,1085863882.16526,4681.70591665376
"Massachusetts","Harvard University",160508951.861291,159637057.883463,410902916.764904,1771.60935931726,408670868.181666,1761.98587406276,13395270.5954776,34291892.7244227,147.849615129526,7723271.68187056,19771575.5055886,85.2452167775422,7534933.18611989,19289428.9564669,83.1664402487417,166180950.774898,425423233.983738,1834.21375766924
"Massachusetts","Boston Children's Hospital",3371194.74916425,3371194.74916425,8630258.55786049,37.2093898841348,8630258.55786049,37.2093898841348,51338224.3286226,131425854.281274,566.643029292942,753668.83533477,1929392.21845701,8.3185812817386,753668.83533477,1929392.21845701,8.3185812817386,53955750.2424521,138126720.620677,595.533837895338
"Massachusetts","University of Massachusetts Medical School Worcester",3620302.87541229,2773271.94930101,9267975.36105546,39.9589081061738,7099576.19021058,30.6098475152934,38854969.9103128,99468722.9704007,428.859746144173,60982.2027360273,156114.43900423,0.673087948467148,60982.2027360273,156114.43900423,0.673087948467148,42414290.582989,108580583.892452,468.14556630188
"Michigan","University of Notre Dame",53467.9912326805,53467.9912326805,136878.057555662,0.590150222733802,136878.057555662,0.590150222733802,348808.333372461,892949.333433499,3.84995416669676,15857.1507653706,40594.3059593487,0.175022491781721,15857.1507653706,40594.3059593487,0.175022491781721,386419.173839771,989233.085029813,4.26508189764884
"Michigan","Northwestern University",234757.374308712,233997.465246521,600978.878230303,2.59112253037121,599033.511031093,2.58273507290422,54781.8755182626,140241.601326752,0.604652153438631,0,0,0,0,0,0,289539.249826975,741220.479557055,3.19577468380984
"Michigan","University of Illinois at Chicago",22551.1269310869,22551.1269310869,57730.8849435826,0.24890691186365,57730.8849435826,0.24890691186365,193354.105305746,494986.50958271,2.13413606312811,1179.60450750157,3019.78753920403,0.0130198245116483,1179.60450750157,3019.78753920403,0.0130198245116483,214725.627729331,549697.606987088,2.37002315048011
"Michigan","University of Chicago",40127.828876648,40127.828876648,102727.241924219,0.442908861982891,102727.241924219,0.442908861982891,148051.055329437,379010.701643358,1.63410596254527,2441.97951647184,6251.46756216791,0.0269532242063433,2441.97951647184,6251.46756216791,0.0269532242063433,185736.904689613,475486.476005409,2.05006160032182
"Michigan","Columbia University",134595.916696801,124804.351029905,344565.54674381,1.48559555701294,319499.138636557,1.37752165099907,40681.4619701312,104144.542643536,0.449019558979344,3909.60074513863,10008.5779075549,0.0431520185694497,3757.84355026804,9620.07948868619,0.0414770062809836,171367.777921793,438701.511479791,1.89146309742284
"Minnesota","University of Minnesota",13893436.5690998,10596665.2109858,35567197.6168954,153.3480966231,27127462.9401237,116.960151117039,66121513.4926533,169271074.541192,729.812828489707,372831.564698518,954448.805628206,4.11510935564264,372831.564698518,954448.805628206,4.11510935564264,79642118.4970545,203883823.35246,879.045815757165
"Minnesota","Mayo Clinic Rochester",0,0,0,0,0,0,53649586.7993554,137342942.20635,592.154574527275,27335.6842235758,69979.351612354,0.301716218642302,27335.6842235758,69979.351612354,0.301716218642302,53622251.1151318,137272962.854737,591.852858308633
"Minnesota","Healthpartners Institute",1434196.69947045,1434196.69947045,3671543.55064435,15.8298728290215,3671543.55064435,15.8298728290215,2263090.21695413,5793510.95540257,24.9787426984137,37577.3738141151,96198.0769641347,0.414758344476515,37577.3738141151,96198.0769641347,0.414758344476515,3659709.54261046,9368856.42908279,40.3938571829587
"Minnesota","St. Catherine University",606338.405409853,606338.405409853,1552226.31784922,6.69242918529491,1552226.31784922,6.69242918529491,0,0,0,0,0,0,0,0,0,606338.405409853,1552226.31784922,6.69242918529491
"Minnesota","Hennepin Healthcare Research Institute",252743.495097128,252743.495097128,647023.347448648,2.78964342006032,647023.347448648,2.78964342006032,112215.091150431,287270.633345103,1.23856833798618,31683.5453200983,81109.8760194517,0.349705513459125,31683.5453200983,81109.8760194517,0.349705513459125,333275.040927461,853184.1047743,3.67850624458737
"Mississippi","St. Jude Children's Research Hospital",61920.6265101857,61920.6265101857,158516.803866075,0.683445752951109,158516.803866075,0.683445752951109,2866021.35231621,7337014.66192949,31.6335643145584,10655.4536248381,27277.9612795855,0.117609025232734,10655.4536248381,27277.9612795855,0.117609025232734,2917286.52520155,7468253.50451598,32.1994010422767
"Mississippi","Tulane University of Louisiana",140179.955725611,140179.955725611,358860.686657564,1.54722910262841,358860.686657564,1.54722910262841,563476.685546524,1442500.3149991,6.21934514116054,4309.00049618904,11031.0412702439,0.0475603729251704,4309.00049618904,11031.0412702439,0.0475603729251704,699347.640775946,1790329.96038642,7.71901387086378
"Mississippi","University of Alabama at Birmingham",153677.544354456,153677.544354456,393414.513547406,1.69620804782606,393414.513547406,1.69620804782606,376724.972108022,964415.928596536,4.15808264109698,7643.22060845332,19566.6447576405,0.084361657142738,7643.22060845332,19566.6447576405,0.084361657142738,522759.295854024,1338263.7973863,5.7699290317803
"Mississippi","Vanderbilt University",35158.1531848646,35158.1531848646,90004.8721532534,0.388056320325629,90004.8721532534,0.388056320325629,70950.3127381392,181632.800609636,0.783110453565222,686.832734194788,1758.29179953866,0.00758088122858398,686.832734194788,1758.29179953866,0.00758088122858398,105421.633188809,269879.380963351,1.16358589266227
"Mississippi","Meharry Medical College",84794.1783871211,84794.1783871211,217073.09667103,0.935911413689004,217073.09667103,0.935911413689004,4881.63490913345,12496.9853673816,0.0538807960148193,2525.54793643305,6465.40271726861,0.0278756063740033,2525.54793643305,6465.40271726861,0.0278756063740033,87150.2653598215,223104.679321143,0.96191660332982
"Missouri","Washington University",13953555.8345599,12996666.9470447,35721102.9364733,154.011659945453,33271467.3844344,143.45004771579,103274444.649457,264382578.302609,1139.88640881153,526042.058851246,1346667.67065919,5.8061623607184,526042.058851246,1346667.67065919,5.8061623607184,116701958.425165,298757013.568423,1288.09190639626
"Missouri","University of Missouri-Columbia",6080853.34840976,6080853.34840976,15566984.571929,67.1171082967895,15566984.571929,67.1171082967895,13694017.3925191,35056684.5248488,151.147017645505,84519.8811962356,216370.895862363,0.93288387245238,84519.8811962356,216370.895862363,0.93288387245238,19690350.8597326,50407298.2009154,217.331242069842
"Missouri","University of Kansas Medical Center",81007.6220890541,81007.6220890541,207379.512547978,0.894117491920488,207379.512547978,0.894117491920488,3701679.20334798,9476298.76057082,40.8570951700475,8351.52452998467,21379.9027967608,0.0921795255050613,8351.52452998467,21379.9027967608,0.0921795255050613,3774335.30090705,9662298.37032204,41.6590331364629
"Missouri","University of Missouri Kansas City",668882.362091647,668882.362091647,1712338.84695462,7.38275491318299,1712338.84695462,7.38275491318299,1745313.10329118,4468001.54442542,19.2638042481379,0,0,0,0,0,0,2414195.46538283,6180340.39138003,26.6465591613209
"Missouri","University of Illinois at Urbana-Champaign",2216.4345831648,2216.4345831648,5674.07253290188,0.0244637835230683,5674.07253290188,0.0244637835230683,592824.498998074,1517630.71743507,6.54327013340144,0,0,0,0,0,0,595040.933581239,1523304.78996797,6.5677339169245
"Montana","University of Montana",173077.131595562,173077.131595562,443077.45688464,1.910330001304,443077.45688464,1.910330001304,2091712.33434888,5354783.57593314,23.0871680710633,44251.4418621237,113283.691167037,0.48842302972591,44251.4418621237,113283.691167037,0.48842302972591,2220538.02408232,5684577.34165074,24.5090750426414
"Montana","Montana State University - Bozeman",421063.137876323,421063.137876323,1077921.63296339,4.64746288150852,1077921.63296339,4.64746288150852,1490028.38705657,3814472.67086481,16.4461122295474,16077.3343757262,41157.9760018591,0.177452757136711,16077.3343757262,41157.9760018591,0.177452757136711,1895014.19055716,4851236.32782634,20.9161223539192
"Montana","Hopa Mountain",122611.561751781,122611.561751781,313885.598084559,1.35331885132288,313885.598084559,1.35331885132288,0,0,0,0,0,0,0,0,0,122611.561751781,313885.598084559,1.35331885132288
"Montana","University of Washington",5594.93746859032,5518.63099879772,14323.0399195912,0.0617538365879758,14127.6953569222,0.0609116078244495,47737.7551848512,122208.653273219,0.526903034986888,583.670728884881,1494.1970659453,0.00644223586324069,583.670728884881,1494.1970659453,0.00644223586324069,52749.0219245566,135037.496126865,0.582214635711623
"Montana","Fred Hutchinson Cancer Center",964.777087350581,964.777087350581,2469.82934361749,0.0106486778325124,2469.82934361749,0.0106486778325124,27939.9394349264,71526.2449534115,0.308385654679552,43.9664096783889,112.554008776676,0.000485277001553926,43.9664096783889,112.554008776676,0.000485277001553926,28860.7501125986,73883.5202882523,0.318549055510511
"Nebraska","University of Nebraska Medical Center",1274280.20729636,1274280.20729636,3262157.33067869,14.0648027132461,3262157.33067869,14.0648027132461,15067799.973493,38573567.9321422,166.310072726843,57093.8159956126,146160.168948768,0.630170078391484,57093.8159956126,146160.168948768,0.630170078391484,16284986.3647938,41689565.0938721,179.744705361698
"Nebraska","University of Nebraska Lincoln",749417.124957475,749417.124957475,1918507.83989114,8.27165324557504,1918507.83989114,8.27165324557504,4030304.8494342,10317580.4145515,44.4842839565094,336021.175658153,860214.209684873,3.70881656643811,336021.175658153,860214.209684873,3.70881656643811,4443700.79873352,11375874.0447578,49.0471206356463
"Nebraska","Father Flanagan's Boys' Home",126306.723723866,126306.723723866,323345.212733098,1.39410401288569,323345.212733098,1.39410401288569,2746204.3576788,7030283.15565772,30.3110903550477,178799.468583809,457726.639574551,1.97349000358416,178799.468583809,457726.639574551,1.97349000358416,2693711.61281885,6895901.72881626,29.7317043643493
"Nebraska","Creighton University",214768.972076259,214768.972076259,549808.568515222,2.37050156149582,549808.568515222,2.37050156149582,1453901.51891096,3721987.88841207,16.0473637673129,73717.5326639987,188716.883619837,0.813653502180845,73717.5326639987,188716.883619837,0.813653502180845,1594952.95832322,4083079.57330746,17.6042118266278
"Nebraska","Feonix - Mobility Rising",148529.657526878,148529.657526878,380235.923268809,1.63938850985833,380235.923268809,1.63938850985833,0,0,0,0,0,0,0,0,0,148529.657526878,380235.923268809,1.63938850985833
"Nevada","University of Nevada Las Vegas",5408905.91447594,5408905.91447594,13846799.1410584,59.7005228096752,13846799.1410584,59.7005228096752,1309527.07827181,3352389.32037582,14.4538382516546,87516.2251032075,224041.536264211,0.965955865308655,87516.2251032075,224041.536264211,0.965955865308655,6630916.76764454,16975146.92517,73.1884051960212
"Nevada","University of Nevada Reno",333997.483046937,333997.483046937,855033.556600158,3.6864801625875,855033.556600158,3.6864801625875,2846238.4132925,7286370.33802879,31.4152111353569,69645.4854934281,178292.442863176,0.768708489486484,69645.4854934281,178292.442863176,0.768708489486484,3110590.41084601,7963111.45176577,34.3329828084579
"Nevada","University of California Los Angeles",26043.8448985073,26043.8448985073,66672.2429401788,0.287457608063354,66672.2429401788,0.287457608063354,282465.413672437,723111.459001439,3.11769757849995,2284.02043889015,5847.09232355877,0.0252097589541705,2284.02043889015,5847.09232355877,0.0252097589541705,306225.238132055,783936.609618059,3.37994542760913
"Nevada","University of California, San Francisco",44156.4041190527,42875.0621623232,113040.394544775,0.48737405549014,109760.159135547,0.473231309078154,198076.84258811,507076.717025563,2.18626303470203,4516.40739714794,11562.0029366987,0.0498496160026737,4448.11334495294,11387.1701630795,0.0490958238892038,237716.839310015,608555.108633639,2.6237874741895
"Nevada","University of California, San Diego",49636.2627479617,49636.2627479617,127068.832634782,0.547857715261965,127068.832634782,0.547857715261965,188877.237336888,483525.727582434,2.08472286154599,3625.97504898759,9282.49612540823,0.0400215144323453,3625.97504898759,9282.49612540823,0.0400215144323453,234887.525035862,601312.064091808,2.59255906237561
"New Hampshire","Dartmouth College",424206.753915477,424206.753915477,1085969.29002362,4.68216038300288,1085969.29002362,4.68216038300288,35838726.2208057,91747139.1252627,395.568110454407,0,0,0,0,0,0,36262932.9747212,92833108.4152863,400.25027083741
"New Hampshire","Harvard School of Public Health",11929827.1770988,11702870.4869275,30540357.5733729,131.674858236257,29959348.4465343,129.169835358687,349388.706777228,894435.089349705,3.85636000851344,226712.377990759,580383.687656342,2.5023262943527,222324.766642654,569151.402605194,2.453898258164,12052503.5058853,30854408.9750663,133.028891950418
"New Hampshire","Harvard Medical School",8980205.82689668,8980015.6314628,22989326.9168555,99.1185632143072,22988840.0165448,99.1164639419185,741062.506245961,1897120.01598966,8.17943956819936,497717.294965867,1274156.27511262,5.49352922581914,497717.294965867,1274156.27511262,5.49352922581914,9223551.03817677,23612290.6577325,101.804473556687
"New Hampshire","Harvard University",4453608.73649483,4429416.47436914,11401238.3654268,49.1564789927095,11339306.174385,48.8894581349446,371675.806613493,951490.064930543,4.1023527348013,214296.024226903,548597.822020871,2.36528142376099,209070.234883899,535219.80130278,2.30760204075756,4610988.51888143,11804130.6083364,50.8935503037498
"New Hampshire","Boston Children's Hospital",73307.1903288276,73307.1903288276,187666.407241799,0.809124369611706,187666.407241799,0.809124369611706,1116358.22372332,2857877.0527317,12.3217468842994,16388.6541323335,41954.9545787738,0.180888933051824,16388.6541323335,41954.9545787738,0.180888933051824,1173276.75991981,3003588.50539472,12.9499823208593
"New Jersey","Columbia University",42139289.5994344,39073746.2204427,107876581.374552,465.110256989612,100028790.324333,431.27447849479,12736552.1136087,32605573.4108382,140.579043525253,1224017.801288,3133485.57129729,13.5100339737233,1176505.65871792,3011854.48631787,12.9856211264504,53651823.911755,137348669.214093,592.179266541142
"New Jersey","Rutgers Biomedical and Health Sciences",4363516.13585665,4363516.13585665,11170601.307793,48.1620865140036,11170601.307793,48.1620865140036,29326722.2161162,75076408.8732573,323.692198806879,342725.94025346,877378.407048858,3.7828200632607,342725.94025346,877378.407048858,3.7828200632607,33347512.4117193,85369631.7740015,368.071465257622
"New Jersey","University of Pennsylvania",1512222.26312324,1512222.26312324,3871288.9935955,16.6910760032392,3871288.9935955,16.6910760032392,14574423.470487,37310524.0844466,160.864454770605,132375.515575667,338881.319873707,1.46108799302961,132375.515575667,338881.319873707,1.46108799302961,15954270.2180345,40842931.7581684,176.094442780814
"New Jersey","Icahn School of Medicine at Mount Sinai",1847824.62124185,1847824.62124185,4730431.03037914,20.3952698924727,4730431.03037914,20.3952698924727,10809187.000031,27671518.7200793,119.305849510587,294691.618017348,754410.542124411,3.25264368459058,294691.618017348,754410.542124411,3.25264368459058,12362320.0032555,31647539.208334,136.44847571847
"New Jersey","Weill Medical College of Cornell University",3226449.75595771,3226449.75595771,8259711.37525174,35.6117744134373,8259711.37525174,35.6117744134373,8546230.20636583,21878349.3282965,94.3285794649124,17967.4925161992,45996.7808414699,0.198315281085814,17967.4925161992,45996.7808414699,0.198315281085814,11754712.4698073,30092063.9227068,129.742038597264
"New Mexico","University of New Mexico Health Sciences Center",10929138.4291017,155196.082847323,27978594.3785004,120.629807283291,397301.972089146,1.71296883889254,11705630.3474992,29966413.6895979,129.200297178808,0,0,0,0,0,0,22634768.7766009,57945008.0680983,249.830104462099
"New Mexico","University of New Mexico",11944052.6120038,11944052.6120038,30576774.6867297,131.831870747558,30576774.6867297,131.831870747558,3790847.60722195,9704569.87448818,41.8412868741651,1201764.01340639,3076515.87432036,13.2644089264338,1201764.01340639,3076515.87432036,13.2644089264338,14533136.2058193,37204828.6868975,160.408748695289
"New Mexico","New Mexico State University Las Cruces",484073.990255628,484073.990255628,1239229.41505441,5.34294194681451,1239229.41505441,5.34294194681451,785964.058210052,2012067.98901773,8.67503815497599,0,0,0,0,0,0,1270038.04846568,3251297.40407214,14.0179801017905
"New Mexico","University of Texas El Paso",205341.654289364,205341.654289364,525674.634980771,2.26644802285609,525674.634980771,2.26644802285609,151724.390716144,388414.440233328,1.6746502142866,66906.8387145145,171281.507109157,0.738480815521107,66906.8387145145,171281.507109157,0.738480815521107,290159.206290993,742807.568104942,3.20261742162158
"New Mexico","Texas Tech University Health Sciences Center El Paso",20447.8428132954,20447.8428132954,52346.4776020363,0.225692020823785,52346.4776020363,0.225692020823785,27961.2418597332,71580.7791609171,0.308620779105488,547.351820209743,1401.22065973694,0.00604136776346849,547.351820209743,1401.22065973694,0.00604136776346849,47861.7328528189,122526.036103216,0.528271432165805
"New York","Columbia University",340350002.632866,315590266.3623,871296006.740137,3756.59577310749,807911081.887488,3483.31144844834,102870399.254631,263348222.091856,1135.42677839989,9886129.21221716,25308490.7832759,109.117646316196,9502383.82869179,24326102.601451,104.882076242598,433334272.67528,1109335738.04872,4782.90490519118
"New York","Icahn School of Medicine at Mount Sinai",14924483.0817741,14924483.0817741,38206676.6893418,164.728219853385,38206676.6893418,164.728219853385,87303484.6787987,223496920.777725,963.607753738445,2380160.98328896,6093212.11721974,26.2709053032787,2380160.98328896,6093212.11721974,26.2709053032787,99847806.7772839,255610385.349847,1102.06506828855
"New York","New York University School of Medicine",3691792.84883159,3691792.84883159,9450989.69300886,40.747975036948,9450989.69300886,40.747975036948,71586951.5376649,183262595.936422,790.137321803195,326808.071007246,836628.661778551,3.60712739434744,326808.071007246,836628.661778551,3.60712739434744,74951936.3154893,191876956.967653,827.278169445795
"New York","Weill Medical College of Cornell University",18300136.1808334,18300136.1808334,46848348.6229335,201.986818546808,46848348.6229335,201.986818546808,48473457.961171,124092052.380598,535.023316809737,101910.020221886,260889.651768028,1.12482664387048,101910.020221886,260889.651768028,1.12482664387048,66671684.1217826,170679511.351763,735.885308712674
"New York","Sloan-Kettering Inst Can Research",93759.1121573934,93759.1121573934,240023.327122927,1.03486141235823,240023.327122927,1.03486141235823,46224807.7008476,118335507.71417,510.203954395217,88732.8089049513,227155.990796675,0.979383846892047,88732.8089049513,227155.990796675,0.979383846892047,46229834.0041001,118348375.050496,510.259431960684
"North Carolina","Family Health International",414313194.032196,414313194.032196,1060641776.72242,4572.96072103429,1060641776.72242,4572.96072103429,0,0,0,0,0,0,0,0,0,414313194.032196,1060641776.72242,4572.96072103429
"North Carolina","Duke University",8674619.54076866,8361693.85014054,22207026.0243678,95.7456701868127,21405936.2563598,92.2917688569561,103742665.923113,265581224.76317,1145.05437720845,767571.544966305,1964983.15511374,8.47203172931478,767571.544966305,1964983.15511374,8.47203172931478,111649713.918916,285823267.632424,1232.32801566595
"North Carolina","University of North Carolina Chapel Hill",22289947.5205589,17644783.0808806,57062265.6526308,246.024157457825,45170644.6870543,194.753392173571,80206954.3050911,205329803.021033,885.280162143403,1404878.87420821,3596489.91797301,15.5062788298887,1404878.87420821,3596489.91797301,15.5062788298887,101092022.951442,258795578.755691,1115.79804077134
"North Carolina","Research Triangle Institute",1107067.52463171,1107067.52463171,2834092.86305717,12.219201267532,2834092.86305717,12.219201267532,31578790.94985,80841704.8316159,348.549292447092,500860.609949071,1282203.16146962,5.52822340442383,500860.609949071,1282203.16146962,5.52822340442383,32184997.8645326,82393594.5332034,355.240270310201
"North Carolina","Wake Forest University Health Sciences",5150037.2357125,5150037.2357125,13184095.323424,56.8432729876981,13184095.323424,56.8432729876981,22850318.7901328,58496816.1027399,252.209226728774,281825.020892914,721472.05348586,3.11062927589946,281825.020892914,721472.05348586,3.11062927589946,27718531.0049524,70959439.3726781,305.941870440573
"North Dakota","University of North Dakota",149801.778362724,149801.778362724,383492.552608573,1.65342947861947,383492.552608573,1.65342947861947,1626772.18939827,4164536.80485958,17.955414964678,0,0,0,0,0,0,1776573.967761,4548029.35746815,19.6088444432975
"North Dakota","University of Minnesota",9918.91435987765,7565.25674589622,25392.4207612868,0.109479510709231,19367.0572694943,0.0835011349912131,47206.0045343856,120847.371608027,0.521033864337751,266.174919539249,681.407794020476,0.00293789208142586,266.174919539249,681.407794020476,0.00293789208142586,56858.743974724,145558.384575293,0.627575482965556
"North Dakota","Mayo Clinic Rochester",0,0,0,0,0,0,33021.3194178464,84534.5777096868,0.364471126745734,16.8251129990609,43.0722892775959,0.000185706325504299,16.8251129990609,43.0722892775959,0.000185706325504299,33004.4943048473,84491.5054204092,0.364285420420229
"North Dakota","University of Colorado Denver",571.929199832385,571.929199832385,1464.13875157091,0.00631263933593875,1464.13875157091,0.00631263933593875,3577.44775399384,9158.26625022424,0.0394858968920378,48.6975379990788,124.665697277642,0.000537496588784852,48.6975379990788,124.665697277642,0.000537496588784852,4100.67941582715,10497.7393045175,0.0452610396391917
"North Dakota","Missouri Breaks Research, Inc.",4060.12596322242,4060.12596322242,10393.9224658494,0.0448134329770458,10393.9224658494,0.0448134329770458,143.387950963222,367.073154465849,0.00158263718623803,143.387950963222,367.073154465849,0.00158263718623803,143.387950963222,367.073154465849,0.00158263718623803,4060.12596322242,10393.9224658494,0.0448134329770458
"Ohio","Ohio State University",10353589.183718,10353589.183718,26505188.310318,114.277211879447,26505188.310318,114.277211879447,48443233.9066265,124014678.800964,534.689720351181,297008.103690607,760340.745447955,3.27821177691116,297008.103690607,760340.745447955,3.27821177691116,58499814.9866539,149759526.365834,645.688720453716
"Ohio","Case Western Reserve University",4029100.59425484,4029100.59425484,10314497.5212924,44.470992051466,10314497.5212924,44.470992051466,38268336.7558994,97966942.0951024,422.384812660447,254340.479554411,651111.627659293,2.80727005445297,254340.479554411,651111.627659293,2.80727005445297,42043096.8705998,107630327.988736,464.04853465746
"Ohio","Cincinnati Children's Hospital Medical Center",490280.241640123,490280.241640123,1255117.41859871,5.41144312953077,1255117.41859871,5.41144312953077,27738219.886277,71009842.9088692,306.159185462725,18727.1852734013,47941.5942999074,0.206700351097535,18727.1852734013,47941.5942999074,0.206700351097535,28209772.9426437,72217018.733168,311.363928241158
"Ohio","University of Cincinnati",3298568.66022252,3298568.66022252,8444335.77016966,36.4077831363007,8444335.77016966,36.4077831363007,14335221.5142212,36698167.0764062,158.224275393858,261207.15808825,668690.324705921,2.88306066810351,261207.15808825,668690.324705921,2.88306066810351,17372583.0163554,44473812.5218699,191.748997862055
"Ohio","The Research Institute at Nationwide Children's Hospital",1148826.59777231,1148826.59777231,2940996.09029711,12.6801149047741,2940996.09029711,12.6801149047741,13097996.4806786,33530870.9905373,144.56846726859,0,0,0,0,0,0,14246823.0784509,36471867.0808344,157.248582173365
"Oklahoma","Oklahoma Medical Research Foundation",480342.22548507,480342.22548507,1229676.09724178,5.30175278373279,1229676.09724178,5.30175278373279,10324412.9610357,26430497.1802513,113.955180811559,218763.610417074,560034.842667709,2.41459217818486,218763.610417074,560034.842667709,2.41459217818486,10585991.5761037,27100138.4348254,116.842341417107
"Oklahoma","University of Oklahoma Health Sciences Center",1606324.24776118,1606324.24776118,4112190.07426861,17.7297218530916,4112190.07426861,17.7297218530916,8784443.76141311,22488176.0292176,96.9578494136858,246080.412252292,629965.855365869,2.71609998342995,246080.412252292,629965.855365869,2.71609998342995,10144687.596922,25970400.2481203,111.971471283347
"Oklahoma","Laureate Institute for Brain Research",1450013.57115115,1450013.57115115,3712034.74214694,16.0044507424631,3712034.74214694,16.0044507424631,2878758.0915559,7369620.7143831,31.7741454234782,367702.995425104,941319.668288267,4.05850303419249,367702.995425104,941319.668288267,4.05850303419249,3961068.66728194,10140335.7882418,43.7200931317489
"Oklahoma","University of Oklahoma",1107268.39056043,1107268.39056043,2834607.0798347,12.2214183149625,2834607.0798347,12.2214183149625,1515618.36075049,3879983.00352126,16.7285602573684,0,0,0,0,0,0,2622886.75131092,6714590.08335596,28.9499785723309
"Oklahoma","Oklahoma State University Stillwater",304164.799715859,304164.799715859,778661.887272599,3.35720344381259,778661.887272599,3.35720344381259,1634878.65585458,4185289.35898772,18.0448896742095,0,0,0,0,0,0,1939043.45557044,4963951.24626032,21.402093118022
"Oregon","Oregon Health & Science University",2618455.07147708,2618455.07147708,6703244.98298133,28.9010641324814,6703244.98298133,28.9010641324814,42199961.3991068,108031901.181714,465.779918880117,42358.7984831371,108438.524116831,0.467533075083629,42358.7984831371,108438.524116831,0.467533075083629,44776057.6721008,114626707.640578,494.213449937515
"Oregon","University of Oregon",1561621.21786785,1561621.21786785,3997750.31774169,17.2363144435329,3997750.31774169,17.2363144435329,6365486.84886188,16295646.3330864,70.2587360224006,77339.5402109157,197989.222939944,0.853631225511697,77339.5402109157,197989.222939944,0.853631225511697,7849768.52651881,20095407.4278882,86.6414192404218
"Oregon","Portland State University",476208.823914722,476208.823914722,1219094.58922169,5.25613057498412,1219094.58922169,5.25613057498412,338576.02801388,866754.631715534,3.73701561884356,0,0,0,0,0,0,814784.851928602,2085849.22093722,8.99314619382768
"Oregon","University of Washington",56261.1668668154,55493.8497959597,144028.587179047,0.62097975615401,142064.255477657,0.612510533169696,480037.860186987,1228896.92207869,5.29839336729849,5869.23383101577,15025.2386074004,0.0647813686805132,5869.23383101577,15025.2386074004,0.0647813686805132,530429.793222787,1357900.27065033,5.85459175477198
"Oregon","Fred Hutchinson Cancer Center",9701.53554091235,9701.53554091235,24835.9309847356,0.107080203095976,24835.9309847356,0.107080203095976,280956.418837897,719248.432225017,3.10104212507488,442.114237261323,1131.81244738899,0.00487981331593546,442.114237261323,1131.81244738899,0.00487981331593546,290215.840141548,742952.550762364,3.20324251485492
"Pennsylvania","University of Pennsylvania",12468314.9522259,12468314.9522259,31918886.2776983,137.618389554793,31918886.2776983,137.618389554793,120166530.085224,307626317.018173,1326.33193916584,1091439.83686093,2794085.98236398,12.0467114618349,1091439.83686093,2794085.98236398,12.0467114618349,131543405.200589,336751117.313507,1451.90361725879
"Pennsylvania","University of Pittsburgh at Pittsburgh",11133380.4186085,10954302.1913033,28501453.8716378,122.884117812267,28043013.6097365,120.907551023531,118400205.128141,303104525.128042,1306.83621765451,1506314.01235664,3856163.871633,16.6258639871246,1506314.01235664,3856163.871633,16.6258639871246,128027271.534393,327749815.128047,1413.09447147965
"Pennsylvania","Children's Hospital of Philadelphia",1775171.31615646,1775171.31615646,4544438.56936053,19.5933627478428,4544438.56936053,19.5933627478428,28704541.8247497,73483627.0713593,316.824914510605,128566.574516988,329130.430763488,1.41904700060897,128566.574516988,329130.430763488,1.41904700060897,30351146.5663892,77698935.2099563,334.999230257839
"Pennsylvania","Pennsylvania State University Hershey Medical Center",4612524.04539866,4612524.04539866,11808061.5562206,50.9104985992677,11808061.5562206,50.9104985992677,17074240.9447558,43710056.8185749,188.456062482471,122518.672872119,313647.802552623,1.35229359505724,122518.672872119,313647.802552623,1.35229359505724,21564246.3172824,55204470.5722429,238.014267486682
"Pennsylvania","Pennsylvania State University",2789176.44437254,2789176.44437254,7140291.6975937,30.7853925674366,7140291.6975937,30.7853925674366,16795033.1069166,42995284.7537066,185.374320230873,315986.242235919,808924.780123951,3.48768201193175,315986.242235919,808924.780123951,3.48768201193175,19268223.3090532,49326651.6711763,212.672030786378
"Rhode Island","Brown University",5775251.62450411,5763626.77582474,14784644.1587305,63.7440448756127,14754884.5461113,63.6157362019705,19909982.5383253,50969555.2981129,219.755415506186,373813.476173229,956962.499003467,4.12594715340063,373813.476173229,956962.499003467,4.12594715340063,25311420.6866562,64797236.9578399,279.373513228398
"Rhode Island","Harvard School of Public Health",8526860.98966231,8364643.37166697,21828764.1335355,94.1147927246921,21413487.0314675,92.3243240501783,249726.076482176,639298.755794369,2.75633881619094,162042.995515807,414830.068520466,1.78854128781363,158906.94404695,406801.776760192,1.75392727987761,8614544.07062868,22053232.8208094,95.0825902530694
"Rhode Island","Harvard Medical School",6418614.92272892,6418478.98027129,16431654.202186,70.84513442457,16431306.1894945,70.8436339666361,529675.483274415,1355969.2371825,5.84626609723785,355744.146442596,910705.014893045,3.92650784926111,355744.146442596,910705.014893045,3.92650784926111,6592546.25956074,16876918.4244755,72.7648926725467
"Rhode Island","Rhode Island Hospital",455385.529048892,455385.529048892,1165786.95436516,5.02629452130403,1165786.95436516,5.02629452130403,5778888.95778496,14793955.7319295,63.7841917559492,85560.0181616537,219033.646493833,0.944364331090594,85560.0181616537,219033.646493833,0.944364331090594,6148714.4686722,15740709.0398008,67.8661219461627
"Rhode Island","University of Rhode Island",792634.145244378,792634.145244378,2029143.41182561,8.74865889999017,2029143.41182561,8.74865889999017,1841541.68861323,4714346.72284987,20.3259223444403,86375.1070201608,221120.273971612,0.953360832741507,86375.1070201608,221120.273971612,0.953360832741507,2547800.72683745,6522369.86070387,28.121220411689
"South Carolina","Medical University of South Carolina",2145619.4024952,2145619.4024952,5492785.67038771,23.6821645828086,5492785.67038771,23.6821645828086,20274973.8666066,51903933.0985128,223.783988652757,37437.0625053309,95838.8800136472,0.41320966557121,37437.0625053309,95838.8800136472,0.41320966557121,22383156.2065964,57300879.8888869,247.052943569994
"South Carolina","University of South Carolina at Columbia",7437179.24829059,7437179.24829059,19039178.8756239,82.0874861520371,19039178.8756239,82.0874861520371,10803361.5494395,27656605.5665651,119.241551397178,1220481.202965,3124431.87959039,13.4709989503397,1220481.202965,3124431.87959039,13.4709989503397,17020059.5947651,43571352.5625986,187.858038598875
"South Carolina","Clemson University",256877.062532869,256877.062532869,657605.280084145,2.83526745953978,657605.280084145,2.83526745953978,4038086.36246086,10337501.0878998,44.5701720091558,14718.8137002146,37680.1630725494,0.162458154557521,14718.8137002146,37680.1630725494,0.162458154557521,4280244.61129351,10957426.2049114,47.242981314138
"South Carolina","Family Health International",2174021.28501246,2174021.28501246,5565494.48963189,23.995648910669,5565494.48963189,23.995648910669,0,0,0,0,0,0,0,0,0,2174021.28501246,5565494.48963189,23.995648910669
"South Carolina","Augusta University",294668.956283679,294668.956283679,754352.528086217,3.25239355686248,754352.528086217,3.25239355686248,1256226.25143219,3215939.20366642,13.8655330973726,0,0,0,0,0,0,1550895.20771587,3970291.73175264,17.1179266542351
"South Dakota","Missouri Breaks Research, Inc.",950121.136915845,950121.136915845,2432310.11050456,10.4869135280373,2432310.11050456,10.4869135280373,33554.6050106001,85899.7888271362,0.370357239241988,33554.6050106001,85899.7888271362,0.370357239241988,33554.6050106001,85899.7888271362,0.370357239241988,950121.136915845,2432310.11050456,10.4869135280373
"South Dakota","University of South Dakota",71398.5154082403,71398.5154082403,182780.199445095,0.788057467647704,182780.199445095,0.788057467647704,477793.22950318,1223150.66752814,5.2736183707545,0,0,0,0,0,0,549191.74491142,1405930.86697324,6.0616758384022
"South Dakota","Mayo Clinic Rochester",0,0,0,0,0,0,196451.707399573,502916.370942908,2.16832568805076,100.096611344667,256.247325042347,0.00110481123599512,100.096611344667,256.247325042347,0.00110481123599512,196351.610788229,502660.123617866,2.16722087681477
"South Dakota","University of Minnesota",6691.96088813079,5104.02655123132,17131.4198736148,0.0738621765584944,13066.3079711522,0.0563354324074051,31848.3177258655,81531.6933782157,0.351524180473203,179.579345715813,459.723125032481,0.00198209785760198,179.579345715813,459.723125032481,0.00198209785760198,38360.6992682805,98203.390126798,0.423404259174095
"South Dakota","Columbia University",21535.3466714881,19968.6961647848,55130.4874790096,0.237695289122071,51119.8621818491,0.220403464159852,6509.03391522099,16663.1268229657,0.071843129436695,625.536119222181,1601.37246520878,0.00690432297111195,601.254968042887,1539.21271818979,0.00663632100495738,27418.8444674869,70192.2418367665,0.302634095587654
"Tennessee","Vanderbilt University",10156231.2196964,10156231.2196964,25999951.9224228,112.098883430211,25999951.9224228,112.098883430211,20495609.5813508,52468760.5282582,226.219244086849,198407.237748242,507922.528635499,2.1899097544094,198407.237748242,507922.528635499,2.1899097544094,30453433.563299,77960789.9220454,336.128217762651
"Tennessee","Meharry Medical College",24494724.659045,24494724.659045,62706495.1271552,270.359272530573,62706495.1271552,270.359272530573,1410171.13744883,3610038.11186901,15.5646919151424,729561.893196465,1867678.44658295,8.05250213897746,729561.893196465,1867678.44658295,8.05250213897746,25175333.9032974,64448854.7924412,277.871462306738
"Tennessee","St. Jude Children's Research Hospital",459771.856851278,459771.856851278,1177015.95353927,5.0747083904224,1177015.95353927,5.0747083904224,21280727.1695333,54478661.5540053,234.884939372123,79118.67135063,202543.798657613,0.87326829460984,79118.67135063,202543.798657613,0.87326829460984,21661380.355034,55453133.7088869,239.086379467935
"Tennessee","University of Tennessee Knoxville",14038.2457306384,14038.2457306384,35937.9090704344,0.154946420348487,35937.9090704344,0.154946420348487,1835084.17235925,4697815.48123969,20.2546478385587,30519.9601290389,78131.0979303396,0.336862501334635,30519.9601290389,78131.0979303396,0.336862501334635,1818602.45796085,4655622.29237978,20.0727317575726
"Tennessee","East Tennessee State University",527283.93202073,527283.93202073,1349846.86597307,5.81986947240675,1349846.86597307,5.81986947240675,996932.89278255,2552148.20552333,11.003595892839,78423.0498100359,200763.007513692,0.86559040737945,78423.0498100359,200763.007513692,0.86559040737945,1445793.77499324,3701232.06398271,15.9578749578663
"Texas","University of Texas Southwestern Medical Center",8938428.37161651,8938428.37161651,22882376.6313383,98.6574466851384,22882376.6313383,98.6574466851384,64424182.6936161,164925907.695657,711.078626474418,955934.06063196,2447191.19521782,10.5510733767003,955934.06063196,2447191.19521782,10.5510733767003,72406677.0046006,185361093.131778,799.184999782856
"Texas","Baylor College of Medicine",8102057.09648046,8076861.35103128,20741266.16699,89.4260414475312,20676765.0586401,89.1479446938292,61086973.8877142,156382653.152548,674.244354703452,224709.800687202,575257.089759237,2.48022294963207,224709.800687202,575257.089759237,2.48022294963207,68964321.1835075,176548662.229779,761.190173201351
"Texas","University of Texas Medical Branch Galveston",43964689.8338282,43964689.8338282,112549605.9746,485.258018857416,112549605.9746,485.258018857416,14614497.2113555,37413112.8610701,161.306766638961,480147.751320669,1229178.24338091,5.2996062850746,480147.751320669,1229178.24338091,5.2996062850746,58099039.293863,148733540.592289,641.265179211302
"Texas","University of Texas MD Anderson Cancer Center",1175013.6916332,1175013.6916332,3008035.05058098,12.9691536159443,3008035.05058098,12.9691536159443,42586871.8323401,109022391.890791,470.050423028235,104025.420776376,266305.077187521,1.14817526946164,104025.420776376,266305.077187521,1.14817526946164,43657860.103197,111764121.864184,481.871401374717
"Texas","University of Texas Health Science Center Houston",1098121.14313968,1098121.14313968,2811190.12643757,12.1204560386865,2811190.12643757,12.1204560386865,29561206.4897747,75676688.6138232,326.280307002771,79755.2850361715,204173.529692599,0.880294885653494,79755.2850361715,204173.529692599,0.880294885653494,30579572.3478782,78283705.2105682,337.520468155804
"Utah","University of Utah",1809968.28110905,1809968.28110905,4633518.79963918,19.9774324714999,4633518.79963918,19.9774324714999,45105124.2491591,115469118.077847,497.845505477065,35891.5954292123,91882.4842987834,0.396151651642276,35891.5954292123,91882.4842987834,0.396151651642276,46879200.934839,120010754.393188,517.426786296922
"Utah","University of Colorado Denver",8138.99245915317,8138.99245915317,20835.8206954321,0.0898337136268207,20835.8206954321,0.0898337136268207,50909.8334222201,130329.173560883,0.561914686540539,693.003425371506,1774.08876895106,0.0076489899173229,693.003425371506,1774.08876895106,0.0076489899173229,58355.8224560017,149390.905487364,0.644099410250036
"Utah","Charles R. Drew University of Medicine & Science",42981.6592197553,42981.6592197553,110033.047602573,0.474407868655875,110033.047602573,0.474407868655875,1090.93406395862,2792.79120373407,0.0120411290192545,872.213551785039,2232.8666925697,0.0096270125357312,872.213551785039,2232.8666925697,0.0096270125357312,43200.3797319289,110592.972113738,0.476821985139398
"Utah","University of California Los Angeles",3521.4212820517,3521.4212820517,9014.83848205235,0.0388675075691295,9014.83848205235,0.0388675075691295,38192.5066374,97772.8169917439,0.421547841599993,308.825298779513,790.592764875552,0.00340864346422587,308.825298779513,790.592764875552,0.00340864346422587,41405.1026206722,105997.062708921,0.457006705704896
"Utah","University of California, San Francisco",7671.96210562692,7449.33512472797,19640.2229904049,0.0846788899500243,19070.2979193036,0.0822216560174398,34414.8954303667,88102.1323017387,0.379852650816955,784.703987921457,2008.84220907893,0.00866113019351474,772.838225957075,1978.46585845011,0.00853016245179217,41302.1535480721,105733.513083065,0.455870410573465
"Vermont","University of Vermont and State Agricultural College",165127.055769204,165127.055769204,422725.262769161,1.82258144536407,422725.262769161,1.82258144536407,7713570.05551545,19746739.3421196,85.1381355720892,0,0,0,0,0,0,7878697.11128466,20169464.6048887,86.9607170174533
"Vermont","Dartmouth College",24483.9550907272,24483.9550907272,62678.9250322616,0.270240403970244,62678.9250322616,0.270240403970244,2068504.9335021,5295372.62976537,22.8310175693697,0,0,0,0,0,0,2092988.88859283,5358051.55479763,23.1012579733399
"Vermont","Harvard School of Public Health",592008.085941334,580745.542591347,1515540.70000981,6.53425901598014,1486708.58903385,6.40994926890887,17338.133778314,44385.6224724838,0.191368766156422,11250.4195543725,28801.0740591937,0.124175931296322,11032.6878674431,28243.6809406544,0.121772728920934,598095.800165275,1531125.2484231,6.60145185084024
"Vermont","Harvard Medical School",445635.496979026,445626.058683475,1140826.87226631,4.91867904024634,1140802.7102297,4.91857486554119,36774.631297907,94143.0561226418,0.405898114948225,24698.820758969,63228.9811429607,0.27261197281073,24698.820758969,63228.9811429607,0.27261197281073,457711.307517964,1171740.94724599,5.05196518238383
"Vermont","University of Massachusetts Medical School Worcester",13682.5210377838,10481.2644399221,35027.2538567265,0.151020127217209,26832.0369662007,0.115686420999696,146847.918949258,375930.672510101,1.62082640619067,230.47526700955,590.016683544448,0.00254385898973485,230.47526700955,590.016683544448,0.00254385898973485,160299.964720032,410367.909683283,1.76930267441815
"Virginia","University of Virginia",22824165.26666,22824165.26666,58429863.0826495,251.920558549048,58429863.0826495,251.920558549048,38037480.0560893,97375948.9435887,419.836743625656,313164.850611897,801702.017566456,3.4565410459641,313164.850611897,801702.017566456,3.4565410459641,60548480.4721374,155004110.008672,668.30076112874
"Virginia","Virginia Commonwealth University",7217723.27251839,7217723.27251839,18477371.5776471,79.6652520266026,18477371.5776471,79.6652520266026,19558962.5619924,50070944.1587005,215.881050443256,181882.331699269,465618.769150128,2.00751694778576,181882.331699269,465618.769150128,2.00751694778576,26594803.5028115,68082696.9671974,293.538785522073
"Virginia","Virginia Polytechnic Institute and State University",7122142.57194478,7122142.57194478,18232684.9841786,78.6102849251251,18232684.9841786,78.6102849251251,9824760.04639107,25151385.7187611,108.440287282384,231240.745772233,591976.309176916,2.55230792248659,231240.745772233,591976.309176916,2.55230792248659,16715661.8725636,42792094.3937629,184.498264285022
"Virginia","Children's Research Institute",371331.825226284,371331.825226284,950609.472579286,4.09855605780637,950609.472579286,4.09855605780637,4202838.09855522,10759265.5323014,46.3886108827756,49648.2705290075,127099.572554259,0.547990250532046,49648.2705290075,127099.572554259,0.547990250532046,4524521.65325249,11582775.4323264,49.9391766900499
"Virginia","Family Health International",4449184.08784084,4449184.08784084,11389911.2648726,49.1076421591484,11389911.2648726,49.1076421591484,0,0,0,0,0,0,0,0,0,4449184.08784084,11389911.2648726,49.1076421591484
"Washington","University of Washington",10757228.6425894,10610516.3429299,27538505.3250288,118.732361793729,27162921.8379005,117.113032278523,91784036.9602534,234967134.618249,1013.0616207327,1122207.26645287,2872850.60211934,12.3863053947286,1122207.26645287,2872850.60211934,12.3863053947286,101419058.33639,259632789.341158,1119.4076771317
"Washington","Fred Hutchinson Cancer Center",1854949.72482266,1854949.72482266,4748671.29554602,20.473912859382,4748671.29554602,20.473912859382,53719334.3891525,137521496.036231,592.9244099878,84532.9772065082,216404.421648661,0.933028418996979,84532.9772065082,216404.421648661,0.933028418996979,55489751.1367687,142053762.910128,612.465294428185
"Washington","Seattle Children's Hospital",1109395.72101816,1109395.72101816,2840053.04580649,12.2448986162515,2840053.04580649,12.2448986162515,19023821.0488833,48700981.8851412,209.974453320857,87283.4843697499,223445.71998656,0.963387001348692,87283.4843697499,223445.71998656,0.963387001348692,20045933.2855317,51317589.2109612,221.25596493576
"Washington","Washington State University",5077607.93586065,5077607.93586065,12998676.3158033,56.043838289394,12998676.3158033,56.043838289394,5555208.14788937,14221332.8585968,61.3153262396311,0,0,0,0,0,0,10632816.08375,27220009.1744,117.359164529025
"Washington","Allen Institute",59938.3900215521,59938.3900215521,153442.278455173,0.661566918936429,153442.278455173,0.661566918936429,10335341.1626444,26458473.3763696,114.075800278735,40959.7349008906,104856.92134628,0.452090982241793,40959.7349008906,104856.92134628,0.452090982241793,10354319.8177651,26507058.7334785,114.28527621543
"West Virginia","University of Pittsburgh at Pittsburgh",78862.3912834341,77593.9052799845,201887.721685591,0.870439616455845,198640.39751676,0.856438766971659,838678.187017467,2147016.15876472,9.25686765968908,10669.8523334062,27314.8219735199,0.117767950243243,10669.8523334062,27314.8219735199,0.117767950243243,906870.725967495,2321589.05847679,10.0095393259017
"West Virginia","Virginia Polytechnic Institute and State University",194526.288376317,194526.288376317,497987.298243372,2.14707397390864,497987.298243372,2.14707397390864,268342.579035247,686957.002330232,2.96181751241517,6315.85278475563,16168.5831289744,0.0697109025745342,6315.85278475563,16168.5831289744,0.0697109025745342,456553.014626809,1168775.71744463,5.03918058374927
"West Virginia","Johns Hopkins University",43362.8709968004,43362.8709968004,111008.949751809,0.478615474177334,111008.949751809,0.478615474177334,379597.996684944,971770.871513456,4.18979350314549,2973.12326602605,7611.1955610267,0.0328156962176632,2973.12326602605,7611.1955610267,0.0328156962176632,419987.744415718,1075168.62570424,4.63559328110516
"West Virginia","University of Virginia",82441.1904693299,82441.1904693299,211049.447601485,0.909940429708486,211049.447601485,0.909940429708486,137391.887135432,351723.231066707,1.51645593794506,1131.15563246063,2895.75841909921,0.0124850725275652,1131.15563246063,2895.75841909921,0.0124850725275652,218701.921972302,559876.920249092,2.41391129512598
"West Virginia","University of Maryland Baltimore",37455.0447309502,37455.0447309502,95884.9145112326,0.413408143468169,95884.9145112326,0.413408143468169,76485.5093191667,195802.903857067,0.844204903157564,2365.64725753237,6056.05697928287,0.0261107107964255,2365.64725753237,6056.05697928287,0.0261107107964255,111574.906792585,285631.761389017,1.23150233582931
"Wisconsin","University of Wisconsin-Madison",4171453.34398602,4145834.10361143,10678920.5606042,46.0422032569708,10613335.3052453,45.7594321996566,67881037.8495547,173775456.89486,749.23348872383,456484.016561581,1168599.08239765,5.0384190211279,456484.016561581,1168599.08239765,5.0384190211279,71596007.1769792,183285778.373067,790.237272959673
"Wisconsin","Medical College of Wisconsin",2164703.28219957,2164703.28219957,5541640.40243089,23.8928019304723,5541640.40243089,23.8928019304723,15964611.876044,40869406.4026726,176.208588302967,187540.871217469,480104.630316721,2.06997278874829,187540.871217469,480104.630316721,2.06997278874829,17941774.2870261,45930942.1747867,198.031417444691
"Wisconsin","University of Wisconsin Milwaukee",2765610.46102769,2406814.01222597,7079962.7802309,30.5252842297327,6161443.87129849,26.5650867490573,962042.204853426,2462828.04442477,10.6184917066147,100928.387331542,258376.671568747,1.11399192097322,100928.387331542,258376.671568747,1.11399192097322,3626724.27854958,9284414.15308692,40.0297840153742
"Wisconsin","Mayo Clinic Rochester",0,0,0,0,0,0,1831593.6917706,4688879.85093273,20.2161218373128,933.238628125576,2389.09088800147,0.0103005736994187,933.238628125576,2389.09088800147,0.0103005736994187,1830660.45314247,4686490.76004473,20.2058212636134
"Wisconsin","University of Minnesota",236519.819216069,180396.068858144,605490.737193137,2.61057542603184,461813.936276849,1.99111239757714,1125642.91345727,2881645.85845061,12.4242261730885,6347.02968138656,16248.3959843496,0.0700550159789601,6347.02968138656,16248.3959843496,0.0700550159789601,1355815.70299195,3470888.1996594,14.9647465831413
"Wyoming","University of Utah",3896.745816115,3896.745816115,9975.6692892544,0.0430101329468253,9975.6692892544,0.0430101329468253,97108.4444063074,248597.617680147,1.07182949601232,77.2723068035071,197.817105416978,0.000852889140210892,77.2723068035071,197.817105416978,0.000852889140210892,100927.917915619,258375.469863984,1.11398673981894
"Wyoming","University of Colorado Denver",6841.15312107199,6841.15312107199,17513.3519899443,0.075508878210652,17513.3519899443,0.075508878210652,42791.7789035417,109546.953993067,0.472312074362453,582.497473758212,1491.19353282102,0.00642928611969573,582.497473758212,1491.19353282102,0.00642928611969573,49050.4345508555,125569.11245019,0.541391666453409
"Wyoming","Colorado State University",3546.16806531207,3546.16806531207,9078.1902471989,0.0391406489256001,9078.1902471989,0.0391406489256001,37537.3337628462,96095.5744328863,0.414316404455395,42.1330790199273,107.860682291014,0.000465041708035464,42.1330790199273,107.860682291014,0.000465041708035464,41041.3687491384,105065.903997794,0.45299201167296
"Wyoming","University of North Dakota",344.856322725724,344.856322725724,882.832186177855,0.00380633405100421,882.832186177855,0.00380633405100421,3744.96672389279,9587.11481316555,0.041334878967459,0,0,0,0,0,0,4089.82304661852,10469.9469993434,0.0451412130184632
"Wyoming","University of California, San Francisco",724.574198864764,703.548317335419,1854.9099490938,0.00799745071750229,1801.08369237867,0.00776537862386932,3250.29567953463,8320.75693960865,0.0358749725771569,74.110932192582,189.72398641301,0.000817995629387503,72.990276895946,186.855108853622,0.000805626453780372,3900.75894620681,9985.94290228944,0.0430544276652717
